Name,Skill,Position,Outside Perception,Affiliation,Confirmation Vote %,Years of Experience,Previous Government Service,Degree Level,Institution,Loyalty Score,Policy Priority,Generation,Gender,Home State,Military Service
[[Donald Trump]],[[Business management]],Executive Leadership,"Donald Trump is viewed as one of the most polarizing political figures in modern American history. Supporters see him as a successful businessman who challenges the political establishment and prioritizes American interests, while critics view him as divisive, prone to controversy, and unorthodox in his approach to governance. His second term has been marked by aggressive policy implementation and loyalty-based appointments.",Republican,N/A,45,President 2017-2021,BS,Wharton School,5,"America First agenda, immigration, tariffs",Baby Boomer,Male,Florida/New York,No
[[Donald Trump]],[[real estate development]],Executive Leadership,"Donald Trump is viewed as one of the most polarizing political figures in modern American history. Supporters see him as a successful businessman who challenges the political establishment and prioritizes American interests, while critics view him as divisive, prone to controversy, and unorthodox in his approach to governance. His second term has been marked by aggressive policy implementation and loyalty-based appointments.",Republican,N/A,45,President 2017-2021,BS,Wharton School,5,"America First agenda, immigration, tariffs",Baby Boomer,Male,Florida/New York,No
[[Donald Trump]],[[media communications]],Executive Leadership,"Donald Trump is viewed as one of the most polarizing political figures in modern American history. Supporters see him as a successful businessman who challenges the political establishment and prioritizes American interests, while critics view him as divisive, prone to controversy, and unorthodox in his approach to governance. His second term has been marked by aggressive policy implementation and loyalty-based appointments.",Republican,N/A,45,President 2017-2021,BS,Wharton School,5,"America First agenda, immigration, tariffs",Baby Boomer,Male,Florida/New York,No
[[Donald Trump]],[[political strategy]],Executive Leadership,"Donald Trump is viewed as one of the most polarizing political figures in modern American history. Supporters see him as a successful businessman who challenges the political establishment and prioritizes American interests, while critics view him as divisive, prone to controversy, and unorthodox in his approach to governance. His second term has been marked by aggressive policy implementation and loyalty-based appointments.",Republican,N/A,45,President 2017-2021,BS,Wharton School,5,"America First agenda, immigration, tariffs",Baby Boomer,Male,Florida/New York,No
[[J.D. Vance]],[[Law]],Executive Leadership,"J.D. Vance is perceived as a young, intellectual conservative who rose to prominence through his memoir 'Hillbilly Elegy.' Initially a Trump critic, his transformation into a staunch Trump ally has drawn both praise from conservatives and accusations of opportunism from critics. He is seen as representing a new generation of populist conservatism focused on working-class concerns.",Republican,N/A,8,U.S. Senator (Ohio) 2023-2025,JD,Yale Law School,5,Working-class economic populism,Millennial,Male,Ohio,Yes
[[J.D. Vance]],[[venture capital]],Executive Leadership,"J.D. Vance is perceived as a young, intellectual conservative who rose to prominence through his memoir 'Hillbilly Elegy.' Initially a Trump critic, his transformation into a staunch Trump ally has drawn both praise from conservatives and accusations of opportunism from critics. He is seen as representing a new generation of populist conservatism focused on working-class concerns.",Republican,N/A,8,U.S. Senator (Ohio) 2023-2025,JD,Yale Law School,5,Working-class economic populism,Millennial,Male,Ohio,Yes
[[J.D. Vance]],[[political strategy]],Executive Leadership,"J.D. Vance is perceived as a young, intellectual conservative who rose to prominence through his memoir 'Hillbilly Elegy.' Initially a Trump critic, his transformation into a staunch Trump ally has drawn both praise from conservatives and accusations of opportunism from critics. He is seen as representing a new generation of populist conservatism focused on working-class concerns.",Republican,N/A,8,U.S. Senator (Ohio) 2023-2025,JD,Yale Law School,5,Working-class economic populism,Millennial,Male,Ohio,Yes
[[J.D. Vance]],[[public speaking]],Executive Leadership,"J.D. Vance is perceived as a young, intellectual conservative who rose to prominence through his memoir 'Hillbilly Elegy.' Initially a Trump critic, his transformation into a staunch Trump ally has drawn both praise from conservatives and accusations of opportunism from critics. He is seen as representing a new generation of populist conservatism focused on working-class concerns.",Republican,N/A,8,U.S. Senator (Ohio) 2023-2025,JD,Yale Law School,5,Working-class economic populism,Millennial,Male,Ohio,Yes
[[J.D. Vance]],[[writing]],Executive Leadership,"J.D. Vance is perceived as a young, intellectual conservative who rose to prominence through his memoir 'Hillbilly Elegy.' Initially a Trump critic, his transformation into a staunch Trump ally has drawn both praise from conservatives and accusations of opportunism from critics. He is seen as representing a new generation of populist conservatism focused on working-class concerns.",Republican,N/A,8,U.S. Senator (Ohio) 2023-2025,JD,Yale Law School,5,Working-class economic populism,Millennial,Male,Ohio,Yes
[[Marco Rubio]],[[Foreign policy]],Foreign Affairs,"Marco Rubio is widely regarded as a traditional foreign policy hawk with strong credentials on international affairs. His unanimous Senate confirmation (99-0) reflects broad respect for his experience, though some note the irony of his serving under Trump after their contentious 2016 primary battle. He is seen as bringing a more conventional diplomatic approach to the administration while adapting to Trump's 'America First' priorities.",Republican,100%,24,"U.S. Senator (Florida) 2011-2025, Florida House Speaker",JD,University of Miami,4,"China competition, Latin America",Gen X,Male,Florida,No
[[Marco Rubio]],[[diplomacy]],Foreign Affairs,"Marco Rubio is widely regarded as a traditional foreign policy hawk with strong credentials on international affairs. His unanimous Senate confirmation (99-0) reflects broad respect for his experience, though some note the irony of his serving under Trump after their contentious 2016 primary battle. He is seen as bringing a more conventional diplomatic approach to the administration while adapting to Trump's 'America First' priorities.",Republican,100%,24,"U.S. Senator (Florida) 2011-2025, Florida House Speaker",JD,University of Miami,4,"China competition, Latin America",Gen X,Male,Florida,No
[[Marco Rubio]],[[legislative affairs]],Foreign Affairs,"Marco Rubio is widely regarded as a traditional foreign policy hawk with strong credentials on international affairs. His unanimous Senate confirmation (99-0) reflects broad respect for his experience, though some note the irony of his serving under Trump after their contentious 2016 primary battle. He is seen as bringing a more conventional diplomatic approach to the administration while adapting to Trump's 'America First' priorities.",Republican,100%,24,"U.S. Senator (Florida) 2011-2025, Florida House Speaker",JD,University of Miami,4,"China competition, Latin America",Gen X,Male,Florida,No
[[Marco Rubio]],[[public speaking]],Foreign Affairs,"Marco Rubio is widely regarded as a traditional foreign policy hawk with strong credentials on international affairs. His unanimous Senate confirmation (99-0) reflects broad respect for his experience, though some note the irony of his serving under Trump after their contentious 2016 primary battle. He is seen as bringing a more conventional diplomatic approach to the administration while adapting to Trump's 'America First' priorities.",Republican,100%,24,"U.S. Senator (Florida) 2011-2025, Florida House Speaker",JD,University of Miami,4,"China competition, Latin America",Gen X,Male,Florida,No
[[Marco Rubio]],[[Latin American relations]],Foreign Affairs,"Marco Rubio is widely regarded as a traditional foreign policy hawk with strong credentials on international affairs. His unanimous Senate confirmation (99-0) reflects broad respect for his experience, though some note the irony of his serving under Trump after their contentious 2016 primary battle. He is seen as bringing a more conventional diplomatic approach to the administration while adapting to Trump's 'America First' priorities.",Republican,100%,24,"U.S. Senator (Florida) 2011-2025, Florida House Speaker",JD,University of Miami,4,"China competition, Latin America",Gen X,Male,Florida,No
[[Scott Bessent]],[[Finance]],Economic Policy,"Scott Bessent is viewed as a highly credentialed Wall Street figure who brings significant financial expertise to the administration. As a former George Soros protégé turned Trump ally, he represents an interesting ideological journey. Markets generally view him favorably as a stabilizing influence, though progressives are skeptical of his Wall Street background and advocacy for tax cuts and deregulation.",Republican,70.1%,35,None,BA,Yale University,4,"Tax cuts, deregulation, tariff strategy",Gen X,Male,South Carolina,No
[[Scott Bessent]],[[hedge fund management]],Economic Policy,"Scott Bessent is viewed as a highly credentialed Wall Street figure who brings significant financial expertise to the administration. As a former George Soros protégé turned Trump ally, he represents an interesting ideological journey. Markets generally view him favorably as a stabilizing influence, though progressives are skeptical of his Wall Street background and advocacy for tax cuts and deregulation.",Republican,70.1%,35,None,BA,Yale University,4,"Tax cuts, deregulation, tariff strategy",Gen X,Male,South Carolina,No
[[Scott Bessent]],[[economic analysis]],Economic Policy,"Scott Bessent is viewed as a highly credentialed Wall Street figure who brings significant financial expertise to the administration. As a former George Soros protégé turned Trump ally, he represents an interesting ideological journey. Markets generally view him favorably as a stabilizing influence, though progressives are skeptical of his Wall Street background and advocacy for tax cuts and deregulation.",Republican,70.1%,35,None,BA,Yale University,4,"Tax cuts, deregulation, tariff strategy",Gen X,Male,South Carolina,No
[[Scott Bessent]],[[investment strategy]],Economic Policy,"Scott Bessent is viewed as a highly credentialed Wall Street figure who brings significant financial expertise to the administration. As a former George Soros protégé turned Trump ally, he represents an interesting ideological journey. Markets generally view him favorably as a stabilizing influence, though progressives are skeptical of his Wall Street background and advocacy for tax cuts and deregulation.",Republican,70.1%,35,None,BA,Yale University,4,"Tax cuts, deregulation, tariff strategy",Gen X,Male,South Carolina,No
[[Scott Bessent]],[[macroeconomics]],Economic Policy,"Scott Bessent is viewed as a highly credentialed Wall Street figure who brings significant financial expertise to the administration. As a former George Soros protégé turned Trump ally, he represents an interesting ideological journey. Markets generally view him favorably as a stabilizing influence, though progressives are skeptical of his Wall Street background and advocacy for tax cuts and deregulation.",Republican,70.1%,35,None,BA,Yale University,4,"Tax cuts, deregulation, tariff strategy",Gen X,Male,South Carolina,No
[[Pete Hegseth]],[[Military operations]],Defense & Security,"Pete Hegseth is one of the most controversial cabinet members, viewed by supporters as a combat veteran who will prioritize military readiness and by critics as dangerously inexperienced for leading the Pentagon. His confirmation was among the most contentious, with allegations of sexual misconduct and workplace issues. He is seen as a loyalist who will implement Trump's vision but lacks traditional defense secretary credentials.",Republican,50.5%,20,None,MPA,Harvard Kennedy School,5,"Military readiness, woke military policies",Millennial,Male,Minnesota,Yes
[[Pete Hegseth]],[[media communications]],Defense & Security,"Pete Hegseth is one of the most controversial cabinet members, viewed by supporters as a combat veteran who will prioritize military readiness and by critics as dangerously inexperienced for leading the Pentagon. His confirmation was among the most contentious, with allegations of sexual misconduct and workplace issues. He is seen as a loyalist who will implement Trump's vision but lacks traditional defense secretary credentials.",Republican,50.5%,20,None,MPA,Harvard Kennedy School,5,"Military readiness, woke military policies",Millennial,Male,Minnesota,Yes
[[Pete Hegseth]],[[veteran advocacy]],Defense & Security,"Pete Hegseth is one of the most controversial cabinet members, viewed by supporters as a combat veteran who will prioritize military readiness and by critics as dangerously inexperienced for leading the Pentagon. His confirmation was among the most contentious, with allegations of sexual misconduct and workplace issues. He is seen as a loyalist who will implement Trump's vision but lacks traditional defense secretary credentials.",Republican,50.5%,20,None,MPA,Harvard Kennedy School,5,"Military readiness, woke military policies",Millennial,Male,Minnesota,Yes
[[Pete Hegseth]],[[political commentary]],Defense & Security,"Pete Hegseth is one of the most controversial cabinet members, viewed by supporters as a combat veteran who will prioritize military readiness and by critics as dangerously inexperienced for leading the Pentagon. His confirmation was among the most contentious, with allegations of sexual misconduct and workplace issues. He is seen as a loyalist who will implement Trump's vision but lacks traditional defense secretary credentials.",Republican,50.5%,20,None,MPA,Harvard Kennedy School,5,"Military readiness, woke military policies",Millennial,Male,Minnesota,Yes
[[Pam Bondi]],[[Prosecution]],Justice & Legal Affairs,Pam Bondi is perceived as a loyal Trump ally with substantial prosecutorial experience as Florida's former Attorney General. Critics view her as overly partisan and point to past controversies including a Trump Foundation donation during a fraud investigation. Supporters see her as a tough prosecutor who will restore what they view as balance to the Justice Department after years of what they perceive as politicization.,Republican,54.0%,30,Florida Attorney General 2011-2019,JD,Stetson University,5,"Conservative legal agenda, prosecutorial reform",Gen X,Female,Florida,No
[[Pam Bondi]],[[legal strategy]],Justice & Legal Affairs,Pam Bondi is perceived as a loyal Trump ally with substantial prosecutorial experience as Florida's former Attorney General. Critics view her as overly partisan and point to past controversies including a Trump Foundation donation during a fraud investigation. Supporters see her as a tough prosecutor who will restore what they view as balance to the Justice Department after years of what they perceive as politicization.,Republican,54.0%,30,Florida Attorney General 2011-2019,JD,Stetson University,5,"Conservative legal agenda, prosecutorial reform",Gen X,Female,Florida,No
[[Pam Bondi]],[[state government]],Justice & Legal Affairs,Pam Bondi is perceived as a loyal Trump ally with substantial prosecutorial experience as Florida's former Attorney General. Critics view her as overly partisan and point to past controversies including a Trump Foundation donation during a fraud investigation. Supporters see her as a tough prosecutor who will restore what they view as balance to the Justice Department after years of what they perceive as politicization.,Republican,54.0%,30,Florida Attorney General 2011-2019,JD,Stetson University,5,"Conservative legal agenda, prosecutorial reform",Gen X,Female,Florida,No
[[Pam Bondi]],[[political advocacy]],Justice & Legal Affairs,Pam Bondi is perceived as a loyal Trump ally with substantial prosecutorial experience as Florida's former Attorney General. Critics view her as overly partisan and point to past controversies including a Trump Foundation donation during a fraud investigation. Supporters see her as a tough prosecutor who will restore what they view as balance to the Justice Department after years of what they perceive as politicization.,Republican,54.0%,30,Florida Attorney General 2011-2019,JD,Stetson University,5,"Conservative legal agenda, prosecutorial reform",Gen X,Female,Florida,No
[[Pam Bondi]],[[litigation]],Justice & Legal Affairs,Pam Bondi is perceived as a loyal Trump ally with substantial prosecutorial experience as Florida's former Attorney General. Critics view her as overly partisan and point to past controversies including a Trump Foundation donation during a fraud investigation. Supporters see her as a tough prosecutor who will restore what they view as balance to the Justice Department after years of what they perceive as politicization.,Republican,54.0%,30,Florida Attorney General 2011-2019,JD,Stetson University,5,"Conservative legal agenda, prosecutorial reform",Gen X,Female,Florida,No
[[Doug Burgum]],[[Business leadership]],Natural Resources & Energy,"Doug Burgum is generally viewed as a competent businessman and former governor who brings executive experience and energy sector knowledge. His overwhelming Senate confirmation (80-17) suggests bipartisan respect. He is seen as more moderate and pragmatic than some Trump appointees, focused on energy dominance and economic development while also chairing the National Energy Council.",Republican,82.5%,40,North Dakota Governor 2016-2024,MBA,Stanford University,4,"Energy dominance, fossil fuel development",Baby Boomer,Male,North Dakota,No
[[Doug Burgum]],[[technology]],Natural Resources & Energy,"Doug Burgum is generally viewed as a competent businessman and former governor who brings executive experience and energy sector knowledge. His overwhelming Senate confirmation (80-17) suggests bipartisan respect. He is seen as more moderate and pragmatic than some Trump appointees, focused on energy dominance and economic development while also chairing the National Energy Council.",Republican,82.5%,40,North Dakota Governor 2016-2024,MBA,Stanford University,4,"Energy dominance, fossil fuel development",Baby Boomer,Male,North Dakota,No
[[Doug Burgum]],[[energy policy]],Natural Resources & Energy,"Doug Burgum is generally viewed as a competent businessman and former governor who brings executive experience and energy sector knowledge. His overwhelming Senate confirmation (80-17) suggests bipartisan respect. He is seen as more moderate and pragmatic than some Trump appointees, focused on energy dominance and economic development while also chairing the National Energy Council.",Republican,82.5%,40,North Dakota Governor 2016-2024,MBA,Stanford University,4,"Energy dominance, fossil fuel development",Baby Boomer,Male,North Dakota,No
[[Doug Burgum]],[[state governance]],Natural Resources & Energy,"Doug Burgum is generally viewed as a competent businessman and former governor who brings executive experience and energy sector knowledge. His overwhelming Senate confirmation (80-17) suggests bipartisan respect. He is seen as more moderate and pragmatic than some Trump appointees, focused on energy dominance and economic development while also chairing the National Energy Council.",Republican,82.5%,40,North Dakota Governor 2016-2024,MBA,Stanford University,4,"Energy dominance, fossil fuel development",Baby Boomer,Male,North Dakota,No
[[Doug Burgum]],[[economic development]],Natural Resources & Energy,"Doug Burgum is generally viewed as a competent businessman and former governor who brings executive experience and energy sector knowledge. His overwhelming Senate confirmation (80-17) suggests bipartisan respect. He is seen as more moderate and pragmatic than some Trump appointees, focused on energy dominance and economic development while also chairing the National Energy Council.",Republican,82.5%,40,North Dakota Governor 2016-2024,MBA,Stanford University,4,"Energy dominance, fossil fuel development",Baby Boomer,Male,North Dakota,No
[[Brooke Rollins]],[[Policy development]],Agriculture & Rural Development,"Brooke Rollins is viewed as a conservative policy expert with deep ties to the Trump administration from his first term. She is seen as ideologically committed to conservative principles while being more institutionally experienced than some appointees. Critics view her as overly partisan, while supporters appreciate her focus on rural America and agricultural interests.",Republican,72.0%,25,White House Domestic Policy Council Director 2020-2021,JD,University of Texas,5,"Rural development, agricultural deregulation",Gen X,Female,Texas,No
[[Brooke Rollins]],[[legal affairs]],Agriculture & Rural Development,"Brooke Rollins is viewed as a conservative policy expert with deep ties to the Trump administration from his first term. She is seen as ideologically committed to conservative principles while being more institutionally experienced than some appointees. Critics view her as overly partisan, while supporters appreciate her focus on rural America and agricultural interests.",Republican,72.0%,25,White House Domestic Policy Council Director 2020-2021,JD,University of Texas,5,"Rural development, agricultural deregulation",Gen X,Female,Texas,No
[[Brooke Rollins]],[[conservative advocacy]],Agriculture & Rural Development,"Brooke Rollins is viewed as a conservative policy expert with deep ties to the Trump administration from his first term. She is seen as ideologically committed to conservative principles while being more institutionally experienced than some appointees. Critics view her as overly partisan, while supporters appreciate her focus on rural America and agricultural interests.",Republican,72.0%,25,White House Domestic Policy Council Director 2020-2021,JD,University of Texas,5,"Rural development, agricultural deregulation",Gen X,Female,Texas,No
[[Brooke Rollins]],[[agricultural policy]],Agriculture & Rural Development,"Brooke Rollins is viewed as a conservative policy expert with deep ties to the Trump administration from his first term. She is seen as ideologically committed to conservative principles while being more institutionally experienced than some appointees. Critics view her as overly partisan, while supporters appreciate her focus on rural America and agricultural interests.",Republican,72.0%,25,White House Domestic Policy Council Director 2020-2021,JD,University of Texas,5,"Rural development, agricultural deregulation",Gen X,Female,Texas,No
[[Brooke Rollins]],[[rural economics]],Agriculture & Rural Development,"Brooke Rollins is viewed as a conservative policy expert with deep ties to the Trump administration from his first term. She is seen as ideologically committed to conservative principles while being more institutionally experienced than some appointees. Critics view her as overly partisan, while supporters appreciate her focus on rural America and agricultural interests.",Republican,72.0%,25,White House Domestic Policy Council Director 2020-2021,JD,University of Texas,5,"Rural development, agricultural deregulation",Gen X,Female,Texas,No
[[Howard Lutnick]],[[Financial services]],Commerce & Trade,"Howard Lutnick is perceived as a powerful Wall Street figure who rebuilt Cantor Fitzgerald after 9/11, demonstrating resilience and leadership. However, he is also viewed as one of the least popular cabinet members according to recent reports, with concerns about potential conflicts of interest and his aggressive approach to trade policy. His business acumen is respected but his political judgment is questioned.",Republican,53.1%,40,None,BA,Haverford College,5,"Aggressive tariffs, trade protection",Baby Boomer,Male,New York,No
[[Howard Lutnick]],[[business management]],Commerce & Trade,"Howard Lutnick is perceived as a powerful Wall Street figure who rebuilt Cantor Fitzgerald after 9/11, demonstrating resilience and leadership. However, he is also viewed as one of the least popular cabinet members according to recent reports, with concerns about potential conflicts of interest and his aggressive approach to trade policy. His business acumen is respected but his political judgment is questioned.",Republican,53.1%,40,None,BA,Haverford College,5,"Aggressive tariffs, trade protection",Baby Boomer,Male,New York,No
[[Howard Lutnick]],[[crisis leadership]],Commerce & Trade,"Howard Lutnick is perceived as a powerful Wall Street figure who rebuilt Cantor Fitzgerald after 9/11, demonstrating resilience and leadership. However, he is also viewed as one of the least popular cabinet members according to recent reports, with concerns about potential conflicts of interest and his aggressive approach to trade policy. His business acumen is respected but his political judgment is questioned.",Republican,53.1%,40,None,BA,Haverford College,5,"Aggressive tariffs, trade protection",Baby Boomer,Male,New York,No
[[Howard Lutnick]],[[international trade]],Commerce & Trade,"Howard Lutnick is perceived as a powerful Wall Street figure who rebuilt Cantor Fitzgerald after 9/11, demonstrating resilience and leadership. However, he is also viewed as one of the least popular cabinet members according to recent reports, with concerns about potential conflicts of interest and his aggressive approach to trade policy. His business acumen is respected but his political judgment is questioned.",Republican,53.1%,40,None,BA,Haverford College,5,"Aggressive tariffs, trade protection",Baby Boomer,Male,New York,No
[[Howard Lutnick]],[[investment banking]],Commerce & Trade,"Howard Lutnick is perceived as a powerful Wall Street figure who rebuilt Cantor Fitzgerald after 9/11, demonstrating resilience and leadership. However, he is also viewed as one of the least popular cabinet members according to recent reports, with concerns about potential conflicts of interest and his aggressive approach to trade policy. His business acumen is respected but his political judgment is questioned.",Republican,53.1%,40,None,BA,Haverford College,5,"Aggressive tariffs, trade protection",Baby Boomer,Male,New York,No
[[Lori Chavez-DeRemer]],[[Labor relations]],Labor & Employment,"Lori Chavez-DeRemer is seen as an unusual Trump pick due to her relatively pro-labor stance and endorsement by the Teamsters union. Her appointment surprised many as she represents a more moderate Republican approach to labor issues. She received significant bipartisan support (67-32 confirmation), suggesting she is viewed as less ideological than other appointees and potentially a bridge-builder.",Republican,67.7%,15,U.S. House (Oregon) 2023-2025,Some college,No degree,3,"Labor-business cooperation, workforce training",Gen X,Female,Oregon,No
[[Lori Chavez-DeRemer]],[[small business management]],Labor & Employment,"Lori Chavez-DeRemer is seen as an unusual Trump pick due to her relatively pro-labor stance and endorsement by the Teamsters union. Her appointment surprised many as she represents a more moderate Republican approach to labor issues. She received significant bipartisan support (67-32 confirmation), suggesting she is viewed as less ideological than other appointees and potentially a bridge-builder.",Republican,67.7%,15,U.S. House (Oregon) 2023-2025,Some college,No degree,3,"Labor-business cooperation, workforce training",Gen X,Female,Oregon,No
[[Lori Chavez-DeRemer]],[[legislative affairs]],Labor & Employment,"Lori Chavez-DeRemer is seen as an unusual Trump pick due to her relatively pro-labor stance and endorsement by the Teamsters union. Her appointment surprised many as she represents a more moderate Republican approach to labor issues. She received significant bipartisan support (67-32 confirmation), suggesting she is viewed as less ideological than other appointees and potentially a bridge-builder.",Republican,67.7%,15,U.S. House (Oregon) 2023-2025,Some college,No degree,3,"Labor-business cooperation, workforce training",Gen X,Female,Oregon,No
[[Lori Chavez-DeRemer]],[[workforce development]],Labor & Employment,"Lori Chavez-DeRemer is seen as an unusual Trump pick due to her relatively pro-labor stance and endorsement by the Teamsters union. Her appointment surprised many as she represents a more moderate Republican approach to labor issues. She received significant bipartisan support (67-32 confirmation), suggesting she is viewed as less ideological than other appointees and potentially a bridge-builder.",Republican,67.7%,15,U.S. House (Oregon) 2023-2025,Some college,No degree,3,"Labor-business cooperation, workforce training",Gen X,Female,Oregon,No
[[Robert F. Kennedy Jr.]],[[Environmental law]],Health & Human Services,"Robert F. Kennedy Jr. is one of the most controversial cabinet members, viewed by critics as a dangerous purveyor of vaccine misinformation and conspiracy theories who could undermine public health. Supporters see him as a truth-teller challenging pharmaceutical industry influence and advocating for health freedom. His appointment has alarmed the medical establishment while energizing anti-establishment health activists.",Independent,52.0%,40,None,JD,University of Virginia,4,"Vaccine skepticism, chronic disease, food safety",Baby Boomer,Male,New York,No
[[Robert F. Kennedy Jr.]],[[public advocacy]],Health & Human Services,"Robert F. Kennedy Jr. is one of the most controversial cabinet members, viewed by critics as a dangerous purveyor of vaccine misinformation and conspiracy theories who could undermine public health. Supporters see him as a truth-teller challenging pharmaceutical industry influence and advocating for health freedom. His appointment has alarmed the medical establishment while energizing anti-establishment health activists.",Independent,52.0%,40,None,JD,University of Virginia,4,"Vaccine skepticism, chronic disease, food safety",Baby Boomer,Male,New York,No
[[Robert F. Kennedy Jr.]],[[writing]],Health & Human Services,"Robert F. Kennedy Jr. is one of the most controversial cabinet members, viewed by critics as a dangerous purveyor of vaccine misinformation and conspiracy theories who could undermine public health. Supporters see him as a truth-teller challenging pharmaceutical industry influence and advocating for health freedom. His appointment has alarmed the medical establishment while energizing anti-establishment health activists.",Independent,52.0%,40,None,JD,University of Virginia,4,"Vaccine skepticism, chronic disease, food safety",Baby Boomer,Male,New York,No
[[Robert F. Kennedy Jr.]],[[political activism]],Health & Human Services,"Robert F. Kennedy Jr. is one of the most controversial cabinet members, viewed by critics as a dangerous purveyor of vaccine misinformation and conspiracy theories who could undermine public health. Supporters see him as a truth-teller challenging pharmaceutical industry influence and advocating for health freedom. His appointment has alarmed the medical establishment while energizing anti-establishment health activists.",Independent,52.0%,40,None,JD,University of Virginia,4,"Vaccine skepticism, chronic disease, food safety",Baby Boomer,Male,New York,No
[[Robert F. Kennedy Jr.]],[[legal litigation]],Health & Human Services,"Robert F. Kennedy Jr. is one of the most controversial cabinet members, viewed by critics as a dangerous purveyor of vaccine misinformation and conspiracy theories who could undermine public health. Supporters see him as a truth-teller challenging pharmaceutical industry influence and advocating for health freedom. His appointment has alarmed the medical establishment while energizing anti-establishment health activists.",Independent,52.0%,40,None,JD,University of Virginia,4,"Vaccine skepticism, chronic disease, food safety",Baby Boomer,Male,New York,No
[[Scott Turner]],[[Community development]],Housing & Urban Development,"Scott Turner is viewed as a former NFL player turned community advocate with experience from Trump's first term. He is seen as bringing a faith-based approach to urban development and opportunity zones. While less controversial than some appointees, critics question whether his experience matches the scope of HUD's mission, while supporters appreciate his grassroots community focus.",Republican,55.6%,15,"White House Opportunity and Revitalization Council 2019-2021, Texas House",BA,University of Illinois,5,"Opportunity zones, faith-based housing",Gen X,Male,Texas,No
[[Scott Turner]],[[faith-based initiatives]],Housing & Urban Development,"Scott Turner is viewed as a former NFL player turned community advocate with experience from Trump's first term. He is seen as bringing a faith-based approach to urban development and opportunity zones. While less controversial than some appointees, critics question whether his experience matches the scope of HUD's mission, while supporters appreciate his grassroots community focus.",Republican,55.6%,15,"White House Opportunity and Revitalization Council 2019-2021, Texas House",BA,University of Illinois,5,"Opportunity zones, faith-based housing",Gen X,Male,Texas,No
[[Scott Turner]],[[sports leadership]],Housing & Urban Development,"Scott Turner is viewed as a former NFL player turned community advocate with experience from Trump's first term. He is seen as bringing a faith-based approach to urban development and opportunity zones. While less controversial than some appointees, critics question whether his experience matches the scope of HUD's mission, while supporters appreciate his grassroots community focus.",Republican,55.6%,15,"White House Opportunity and Revitalization Council 2019-2021, Texas House",BA,University of Illinois,5,"Opportunity zones, faith-based housing",Gen X,Male,Texas,No
[[Scott Turner]],[[urban policy]],Housing & Urban Development,"Scott Turner is viewed as a former NFL player turned community advocate with experience from Trump's first term. He is seen as bringing a faith-based approach to urban development and opportunity zones. While less controversial than some appointees, critics question whether his experience matches the scope of HUD's mission, while supporters appreciate his grassroots community focus.",Republican,55.6%,15,"White House Opportunity and Revitalization Council 2019-2021, Texas House",BA,University of Illinois,5,"Opportunity zones, faith-based housing",Gen X,Male,Texas,No
[[Scott Turner]],[[nonprofit management]],Housing & Urban Development,"Scott Turner is viewed as a former NFL player turned community advocate with experience from Trump's first term. He is seen as bringing a faith-based approach to urban development and opportunity zones. While less controversial than some appointees, critics question whether his experience matches the scope of HUD's mission, while supporters appreciate his grassroots community focus.",Republican,55.6%,15,"White House Opportunity and Revitalization Council 2019-2021, Texas House",BA,University of Illinois,5,"Opportunity zones, faith-based housing",Gen X,Male,Texas,No
[[Sean Duffy]],[[Legislative affairs]],Transportation & Infrastructure,"Sean Duffy is perceived as a former congressman and reality TV personality who brings legislative experience and media savvy. His strong Senate confirmation (77-22) suggests he is viewed as relatively mainstream and competent. He is seen as a Trump loyalist but with sufficient experience to manage the department effectively, though critics note his lack of deep transportation expertise.",Republican,77.8%,20,U.S. House (Wisconsin) 2011-2019,JD,William Mitchell College of Law,4,"Infrastructure investment, deregulation",Gen X,Male,Wisconsin,No
[[Sean Duffy]],[[media communications]],Transportation & Infrastructure,"Sean Duffy is perceived as a former congressman and reality TV personality who brings legislative experience and media savvy. His strong Senate confirmation (77-22) suggests he is viewed as relatively mainstream and competent. He is seen as a Trump loyalist but with sufficient experience to manage the department effectively, though critics note his lack of deep transportation expertise.",Republican,77.8%,20,U.S. House (Wisconsin) 2011-2019,JD,William Mitchell College of Law,4,"Infrastructure investment, deregulation",Gen X,Male,Wisconsin,No
[[Sean Duffy]],[[legal practice]],Transportation & Infrastructure,"Sean Duffy is perceived as a former congressman and reality TV personality who brings legislative experience and media savvy. His strong Senate confirmation (77-22) suggests he is viewed as relatively mainstream and competent. He is seen as a Trump loyalist but with sufficient experience to manage the department effectively, though critics note his lack of deep transportation expertise.",Republican,77.8%,20,U.S. House (Wisconsin) 2011-2019,JD,William Mitchell College of Law,4,"Infrastructure investment, deregulation",Gen X,Male,Wisconsin,No
[[Sean Duffy]],[[public policy]],Transportation & Infrastructure,"Sean Duffy is perceived as a former congressman and reality TV personality who brings legislative experience and media savvy. His strong Senate confirmation (77-22) suggests he is viewed as relatively mainstream and competent. He is seen as a Trump loyalist but with sufficient experience to manage the department effectively, though critics note his lack of deep transportation expertise.",Republican,77.8%,20,U.S. House (Wisconsin) 2011-2019,JD,William Mitchell College of Law,4,"Infrastructure investment, deregulation",Gen X,Male,Wisconsin,No
[[Sean Duffy]],[[infrastructure planning]],Transportation & Infrastructure,"Sean Duffy is perceived as a former congressman and reality TV personality who brings legislative experience and media savvy. His strong Senate confirmation (77-22) suggests he is viewed as relatively mainstream and competent. He is seen as a Trump loyalist but with sufficient experience to manage the department effectively, though critics note his lack of deep transportation expertise.",Republican,77.8%,20,U.S. House (Wisconsin) 2011-2019,JD,William Mitchell College of Law,4,"Infrastructure investment, deregulation",Gen X,Male,Wisconsin,No
[[Chris Wright]],[[Energy technology]],Energy & Natural Resources,"Chris Wright is viewed as a fracking industry executive and climate change skeptic who will prioritize fossil fuel development. Environmental groups see his appointment as alarming, while energy industry supporters view him as a pragmatic innovator who understands energy markets. His technical expertise is acknowledged even by critics, though his policy positions are deeply controversial.",Republican,60.8%,35,None,MS,UC Berkeley,4,"Fossil fuel expansion, energy independence",Gen X,Male,Colorado,No
[[Chris Wright]],[[oil and gas development]],Energy & Natural Resources,"Chris Wright is viewed as a fracking industry executive and climate change skeptic who will prioritize fossil fuel development. Environmental groups see his appointment as alarming, while energy industry supporters view him as a pragmatic innovator who understands energy markets. His technical expertise is acknowledged even by critics, though his policy positions are deeply controversial.",Republican,60.8%,35,None,MS,UC Berkeley,4,"Fossil fuel expansion, energy independence",Gen X,Male,Colorado,No
[[Chris Wright]],[[engineering]],Energy & Natural Resources,"Chris Wright is viewed as a fracking industry executive and climate change skeptic who will prioritize fossil fuel development. Environmental groups see his appointment as alarming, while energy industry supporters view him as a pragmatic innovator who understands energy markets. His technical expertise is acknowledged even by critics, though his policy positions are deeply controversial.",Republican,60.8%,35,None,MS,UC Berkeley,4,"Fossil fuel expansion, energy independence",Gen X,Male,Colorado,No
[[Chris Wright]],[[business innovation]],Energy & Natural Resources,"Chris Wright is viewed as a fracking industry executive and climate change skeptic who will prioritize fossil fuel development. Environmental groups see his appointment as alarming, while energy industry supporters view him as a pragmatic innovator who understands energy markets. His technical expertise is acknowledged even by critics, though his policy positions are deeply controversial.",Republican,60.8%,35,None,MS,UC Berkeley,4,"Fossil fuel expansion, energy independence",Gen X,Male,Colorado,No
[[Chris Wright]],[[climate policy]],Energy & Natural Resources,"Chris Wright is viewed as a fracking industry executive and climate change skeptic who will prioritize fossil fuel development. Environmental groups see his appointment as alarming, while energy industry supporters view him as a pragmatic innovator who understands energy markets. His technical expertise is acknowledged even by critics, though his policy positions are deeply controversial.",Republican,60.8%,35,None,MS,UC Berkeley,4,"Fossil fuel expansion, energy independence",Gen X,Male,Colorado,No
[[Linda McMahon]],[[Business management]],Education & Training,"Linda McMahon is perceived as a successful businesswoman (WWE co-founder) and Trump loyalist with limited education policy expertise. Critics view her appointment as ideologically driven, expecting her to pursue dismantling the Department of Education as Trump has advocated. Supporters see her business acumen as valuable for reforming what they view as a bloated bureaucracy.",Republican,53.1%,45,SBA Administrator 2017-2019,BA,East Carolina University,5,"School choice, department elimination",Baby Boomer,Female,Connecticut,No
[[Linda McMahon]],[[entertainment industry]],Education & Training,"Linda McMahon is perceived as a successful businesswoman (WWE co-founder) and Trump loyalist with limited education policy expertise. Critics view her appointment as ideologically driven, expecting her to pursue dismantling the Department of Education as Trump has advocated. Supporters see her business acumen as valuable for reforming what they view as a bloated bureaucracy.",Republican,53.1%,45,SBA Administrator 2017-2019,BA,East Carolina University,5,"School choice, department elimination",Baby Boomer,Female,Connecticut,No
[[Linda McMahon]],[[political fundraising]],Education & Training,"Linda McMahon is perceived as a successful businesswoman (WWE co-founder) and Trump loyalist with limited education policy expertise. Critics view her appointment as ideologically driven, expecting her to pursue dismantling the Department of Education as Trump has advocated. Supporters see her business acumen as valuable for reforming what they view as a bloated bureaucracy.",Republican,53.1%,45,SBA Administrator 2017-2019,BA,East Carolina University,5,"School choice, department elimination",Baby Boomer,Female,Connecticut,No
[[Linda McMahon]],[[organizational leadership]],Education & Training,"Linda McMahon is perceived as a successful businesswoman (WWE co-founder) and Trump loyalist with limited education policy expertise. Critics view her appointment as ideologically driven, expecting her to pursue dismantling the Department of Education as Trump has advocated. Supporters see her business acumen as valuable for reforming what they view as a bloated bureaucracy.",Republican,53.1%,45,SBA Administrator 2017-2019,BA,East Carolina University,5,"School choice, department elimination",Baby Boomer,Female,Connecticut,No
[[Linda McMahon]],[[small business advocacy]],Education & Training,"Linda McMahon is perceived as a successful businesswoman (WWE co-founder) and Trump loyalist with limited education policy expertise. Critics view her appointment as ideologically driven, expecting her to pursue dismantling the Department of Education as Trump has advocated. Supporters see her business acumen as valuable for reforming what they view as a bloated bureaucracy.",Republican,53.1%,45,SBA Administrator 2017-2019,BA,East Carolina University,5,"School choice, department elimination",Baby Boomer,Female,Connecticut,No
[[Doug Collins]],[[Legislative affairs]],Veterans Affairs,"Doug Collins is viewed as a military veteran and former congressman with genuine commitment to veterans' issues. His strong Senate confirmation (77-23) reflects bipartisan respect for his service and dedication. He is seen as one of the more qualified and less controversial appointees, with both military credentials and legislative experience relevant to the role.",Republican,77.0%,30,U.S. House (Georgia) 2013-2021,JD,John Marshall Law School,5,"Veterans healthcare, benefits expansion",Baby Boomer,Male,Georgia,Yes
[[Doug Collins]],[[military service]],Veterans Affairs,"Doug Collins is viewed as a military veteran and former congressman with genuine commitment to veterans' issues. His strong Senate confirmation (77-23) reflects bipartisan respect for his service and dedication. He is seen as one of the more qualified and less controversial appointees, with both military credentials and legislative experience relevant to the role.",Republican,77.0%,30,U.S. House (Georgia) 2013-2021,JD,John Marshall Law School,5,"Veterans healthcare, benefits expansion",Baby Boomer,Male,Georgia,Yes
[[Doug Collins]],[[legal practice]],Veterans Affairs,"Doug Collins is viewed as a military veteran and former congressman with genuine commitment to veterans' issues. His strong Senate confirmation (77-23) reflects bipartisan respect for his service and dedication. He is seen as one of the more qualified and less controversial appointees, with both military credentials and legislative experience relevant to the role.",Republican,77.0%,30,U.S. House (Georgia) 2013-2021,JD,John Marshall Law School,5,"Veterans healthcare, benefits expansion",Baby Boomer,Male,Georgia,Yes
[[Doug Collins]],[[veteran advocacy]],Veterans Affairs,"Doug Collins is viewed as a military veteran and former congressman with genuine commitment to veterans' issues. His strong Senate confirmation (77-23) reflects bipartisan respect for his service and dedication. He is seen as one of the more qualified and less controversial appointees, with both military credentials and legislative experience relevant to the role.",Republican,77.0%,30,U.S. House (Georgia) 2013-2021,JD,John Marshall Law School,5,"Veterans healthcare, benefits expansion",Baby Boomer,Male,Georgia,Yes
[[Doug Collins]],[[chaplaincy]],Veterans Affairs,"Doug Collins is viewed as a military veteran and former congressman with genuine commitment to veterans' issues. His strong Senate confirmation (77-23) reflects bipartisan respect for his service and dedication. He is seen as one of the more qualified and less controversial appointees, with both military credentials and legislative experience relevant to the role.",Republican,77.0%,30,U.S. House (Georgia) 2013-2021,JD,John Marshall Law School,5,"Veterans healthcare, benefits expansion",Baby Boomer,Male,Georgia,Yes
[[Kristi Noem]],[[State governance]],Homeland Security & Border Control,"Kristi Noem is viewed as a staunch Trump ally and immigration hardliner who will aggressively implement border security policies. Her lack of law enforcement background has raised concerns, but her executive experience as governor is seen as relevant. She is controversial for past statements and actions, including a widely criticized anecdote about shooting her dog, but is respected by conservatives for her unwavering stance on border issues.",Republican,63.4%,18,"South Dakota Governor 2019-2025, U.S. House 2011-2019",BA,South Dakota State University,5,"Border security, immigration enforcement",Gen X,Female,South Dakota,No
[[Kristi Noem]],[[political strategy]],Homeland Security & Border Control,"Kristi Noem is viewed as a staunch Trump ally and immigration hardliner who will aggressively implement border security policies. Her lack of law enforcement background has raised concerns, but her executive experience as governor is seen as relevant. She is controversial for past statements and actions, including a widely criticized anecdote about shooting her dog, but is respected by conservatives for her unwavering stance on border issues.",Republican,63.4%,18,"South Dakota Governor 2019-2025, U.S. House 2011-2019",BA,South Dakota State University,5,"Border security, immigration enforcement",Gen X,Female,South Dakota,No
[[Kristi Noem]],[[ranching and agriculture]],Homeland Security & Border Control,"Kristi Noem is viewed as a staunch Trump ally and immigration hardliner who will aggressively implement border security policies. Her lack of law enforcement background has raised concerns, but her executive experience as governor is seen as relevant. She is controversial for past statements and actions, including a widely criticized anecdote about shooting her dog, but is respected by conservatives for her unwavering stance on border issues.",Republican,63.4%,18,"South Dakota Governor 2019-2025, U.S. House 2011-2019",BA,South Dakota State University,5,"Border security, immigration enforcement",Gen X,Female,South Dakota,No
[[Kristi Noem]],[[crisis management]],Homeland Security & Border Control,"Kristi Noem is viewed as a staunch Trump ally and immigration hardliner who will aggressively implement border security policies. Her lack of law enforcement background has raised concerns, but her executive experience as governor is seen as relevant. She is controversial for past statements and actions, including a widely criticized anecdote about shooting her dog, but is respected by conservatives for her unwavering stance on border issues.",Republican,63.4%,18,"South Dakota Governor 2019-2025, U.S. House 2011-2019",BA,South Dakota State University,5,"Border security, immigration enforcement",Gen X,Female,South Dakota,No
[[Kristi Noem]],[[border security advocacy]],Homeland Security & Border Control,"Kristi Noem is viewed as a staunch Trump ally and immigration hardliner who will aggressively implement border security policies. Her lack of law enforcement background has raised concerns, but her executive experience as governor is seen as relevant. She is controversial for past statements and actions, including a widely criticized anecdote about shooting her dog, but is respected by conservatives for her unwavering stance on border issues.",Republican,63.4%,18,"South Dakota Governor 2019-2025, U.S. House 2011-2019",BA,South Dakota State University,5,"Border security, immigration enforcement",Gen X,Female,South Dakota,No
[[Jamieson Greer]],[[Trade law]],Trade & Commerce,"Jamieson Greer is perceived as a trade lawyer with experience from Trump's first term implementing tariff policies. He is seen as a competent technocrat who will execute Trump's aggressive trade agenda, particularly regarding China. While less publicly known than other appointees, trade experts view him as knowledgeable but ideologically aligned with protectionist policies that many economists criticize.",Republican,N/A,20,USTR Chief of Staff 2017-2021,JD,Georgetown University,5,"China tariffs, trade protectionism",Gen X,Male,Texas,No
[[Jamieson Greer]],[[international negotiations]],Trade & Commerce,"Jamieson Greer is perceived as a trade lawyer with experience from Trump's first term implementing tariff policies. He is seen as a competent technocrat who will execute Trump's aggressive trade agenda, particularly regarding China. While less publicly known than other appointees, trade experts view him as knowledgeable but ideologically aligned with protectionist policies that many economists criticize.",Republican,N/A,20,USTR Chief of Staff 2017-2021,JD,Georgetown University,5,"China tariffs, trade protectionism",Gen X,Male,Texas,No
[[Jamieson Greer]],[[legal strategy]],Trade & Commerce,"Jamieson Greer is perceived as a trade lawyer with experience from Trump's first term implementing tariff policies. He is seen as a competent technocrat who will execute Trump's aggressive trade agenda, particularly regarding China. While less publicly known than other appointees, trade experts view him as knowledgeable but ideologically aligned with protectionist policies that many economists criticize.",Republican,N/A,20,USTR Chief of Staff 2017-2021,JD,Georgetown University,5,"China tariffs, trade protectionism",Gen X,Male,Texas,No
[[Jamieson Greer]],[[tariff policy]],Trade & Commerce,"Jamieson Greer is perceived as a trade lawyer with experience from Trump's first term implementing tariff policies. He is seen as a competent technocrat who will execute Trump's aggressive trade agenda, particularly regarding China. While less publicly known than other appointees, trade experts view him as knowledgeable but ideologically aligned with protectionist policies that many economists criticize.",Republican,N/A,20,USTR Chief of Staff 2017-2021,JD,Georgetown University,5,"China tariffs, trade protectionism",Gen X,Male,Texas,No
[[Jamieson Greer]],[[economic diplomacy]],Trade & Commerce,"Jamieson Greer is perceived as a trade lawyer with experience from Trump's first term implementing tariff policies. He is seen as a competent technocrat who will execute Trump's aggressive trade agenda, particularly regarding China. While less publicly known than other appointees, trade experts view him as knowledgeable but ideologically aligned with protectionist policies that many economists criticize.",Republican,N/A,20,USTR Chief of Staff 2017-2021,JD,Georgetown University,5,"China tariffs, trade protectionism",Gen X,Male,Texas,No
[[Tulsi Gabbard]],[[Military service]],Intelligence & National Security,"Tulsi Gabbard is one of the most controversial appointees, having switched from Democrat to Republican. Intelligence community veterans express deep concern about her past statements sympathetic to adversaries and her lack of intelligence experience. Supporters see her as a principled anti-interventionist and military veteran. Her appointment has been called unprecedented and potentially dangerous by critics.",Republican,52.5%,20,"U.S. House (Hawaii) 2013-2021, Hawaii State Legislature",BS,Hawaii Pacific University,4,"Anti-interventionism, intelligence reform",Millennial,Female,Hawaii,Yes
[[Tulsi Gabbard]],[[foreign policy]],Intelligence & National Security,"Tulsi Gabbard is one of the most controversial appointees, having switched from Democrat to Republican. Intelligence community veterans express deep concern about her past statements sympathetic to adversaries and her lack of intelligence experience. Supporters see her as a principled anti-interventionist and military veteran. Her appointment has been called unprecedented and potentially dangerous by critics.",Republican,52.5%,20,"U.S. House (Hawaii) 2013-2021, Hawaii State Legislature",BS,Hawaii Pacific University,4,"Anti-interventionism, intelligence reform",Millennial,Female,Hawaii,Yes
[[Tulsi Gabbard]],[[political strategy]],Intelligence & National Security,"Tulsi Gabbard is one of the most controversial appointees, having switched from Democrat to Republican. Intelligence community veterans express deep concern about her past statements sympathetic to adversaries and her lack of intelligence experience. Supporters see her as a principled anti-interventionist and military veteran. Her appointment has been called unprecedented and potentially dangerous by critics.",Republican,52.5%,20,"U.S. House (Hawaii) 2013-2021, Hawaii State Legislature",BS,Hawaii Pacific University,4,"Anti-interventionism, intelligence reform",Millennial,Female,Hawaii,Yes
[[Tulsi Gabbard]],[[media communications]],Intelligence & National Security,"Tulsi Gabbard is one of the most controversial appointees, having switched from Democrat to Republican. Intelligence community veterans express deep concern about her past statements sympathetic to adversaries and her lack of intelligence experience. Supporters see her as a principled anti-interventionist and military veteran. Her appointment has been called unprecedented and potentially dangerous by critics.",Republican,52.5%,20,"U.S. House (Hawaii) 2013-2021, Hawaii State Legislature",BS,Hawaii Pacific University,4,"Anti-interventionism, intelligence reform",Millennial,Female,Hawaii,Yes
[[Tulsi Gabbard]],[[legislative affairs]],Intelligence & National Security,"Tulsi Gabbard is one of the most controversial appointees, having switched from Democrat to Republican. Intelligence community veterans express deep concern about her past statements sympathetic to adversaries and her lack of intelligence experience. Supporters see her as a principled anti-interventionist and military veteran. Her appointment has been called unprecedented and potentially dangerous by critics.",Republican,52.5%,20,"U.S. House (Hawaii) 2013-2021, Hawaii State Legislature",BS,Hawaii Pacific University,4,"Anti-interventionism, intelligence reform",Millennial,Female,Hawaii,Yes
[[Michael Waltz]],[[Military special operations]],Diplomatic Relations,"Michael Waltz is viewed as a Green Beret veteran and China hawk with strong national security credentials. His appointment to UN Ambassador after serving as National Security Advisor shows his trusted status. He is seen as competent and experienced, though his hardline positions on China and other issues align with Trump's confrontational approach to international relations.",Republican,52.2%,30,"U.S. House (Florida) 2019-2025, NSC 2018-2019, National Security Advisor 2025",BA,Virginia Military Institute,5,"China competition, counterterrorism",Gen X,Male,Florida,Yes
[[Michael Waltz]],[[national security policy]],Diplomatic Relations,"Michael Waltz is viewed as a Green Beret veteran and China hawk with strong national security credentials. His appointment to UN Ambassador after serving as National Security Advisor shows his trusted status. He is seen as competent and experienced, though his hardline positions on China and other issues align with Trump's confrontational approach to international relations.",Republican,52.2%,30,"U.S. House (Florida) 2019-2025, NSC 2018-2019, National Security Advisor 2025",BA,Virginia Military Institute,5,"China competition, counterterrorism",Gen X,Male,Florida,Yes
[[Michael Waltz]],[[legislative affairs]],Diplomatic Relations,"Michael Waltz is viewed as a Green Beret veteran and China hawk with strong national security credentials. His appointment to UN Ambassador after serving as National Security Advisor shows his trusted status. He is seen as competent and experienced, though his hardline positions on China and other issues align with Trump's confrontational approach to international relations.",Republican,52.2%,30,"U.S. House (Florida) 2019-2025, NSC 2018-2019, National Security Advisor 2025",BA,Virginia Military Institute,5,"China competition, counterterrorism",Gen X,Male,Florida,Yes
[[Michael Waltz]],[[counterterrorism]],Diplomatic Relations,"Michael Waltz is viewed as a Green Beret veteran and China hawk with strong national security credentials. His appointment to UN Ambassador after serving as National Security Advisor shows his trusted status. He is seen as competent and experienced, though his hardline positions on China and other issues align with Trump's confrontational approach to international relations.",Republican,52.2%,30,"U.S. House (Florida) 2019-2025, NSC 2018-2019, National Security Advisor 2025",BA,Virginia Military Institute,5,"China competition, counterterrorism",Gen X,Male,Florida,Yes
[[Michael Waltz]],[[strategic planning]],Diplomatic Relations,"Michael Waltz is viewed as a Green Beret veteran and China hawk with strong national security credentials. His appointment to UN Ambassador after serving as National Security Advisor shows his trusted status. He is seen as competent and experienced, though his hardline positions on China and other issues align with Trump's confrontational approach to international relations.",Republican,52.2%,30,"U.S. House (Florida) 2019-2025, NSC 2018-2019, National Security Advisor 2025",BA,Virginia Military Institute,5,"China competition, counterterrorism",Gen X,Male,Florida,Yes
[[Russell Vought]],[[Budget policy]],Budget & Management,"Russell Vought is perceived as a key architect of Project 2025 and a committed ideologue focused on restructuring the federal government. Critics view him as dangerous to civil service protections and democratic norms, while supporters see him as essential to implementing conservative governance reforms. He is seen as one of the most powerful and ideologically driven figures in the administration.",Republican,51.0%,20,"OMB Director 2020-2021, Deputy OMB Director 2018-2020",BA,Wheaton College,5,"Government restructuring, Schedule F",Gen X,Male,Virginia,No
[[Russell Vought]],[[conservative advocacy]],Budget & Management,"Russell Vought is perceived as a key architect of Project 2025 and a committed ideologue focused on restructuring the federal government. Critics view him as dangerous to civil service protections and democratic norms, while supporters see him as essential to implementing conservative governance reforms. He is seen as one of the most powerful and ideologically driven figures in the administration.",Republican,51.0%,20,"OMB Director 2020-2021, Deputy OMB Director 2018-2020",BA,Wheaton College,5,"Government restructuring, Schedule F",Gen X,Male,Virginia,No
[[Russell Vought]],[[government reorganization]],Budget & Management,"Russell Vought is perceived as a key architect of Project 2025 and a committed ideologue focused on restructuring the federal government. Critics view him as dangerous to civil service protections and democratic norms, while supporters see him as essential to implementing conservative governance reforms. He is seen as one of the most powerful and ideologically driven figures in the administration.",Republican,51.0%,20,"OMB Director 2020-2021, Deputy OMB Director 2018-2020",BA,Wheaton College,5,"Government restructuring, Schedule F",Gen X,Male,Virginia,No
[[Russell Vought]],[[policy implementation]],Budget & Management,"Russell Vought is perceived as a key architect of Project 2025 and a committed ideologue focused on restructuring the federal government. Critics view him as dangerous to civil service protections and democratic norms, while supporters see him as essential to implementing conservative governance reforms. He is seen as one of the most powerful and ideologically driven figures in the administration.",Republican,51.0%,20,"OMB Director 2020-2021, Deputy OMB Director 2018-2020",BA,Wheaton College,5,"Government restructuring, Schedule F",Gen X,Male,Virginia,No
[[Russell Vought]],[[political strategy]],Budget & Management,"Russell Vought is perceived as a key architect of Project 2025 and a committed ideologue focused on restructuring the federal government. Critics view him as dangerous to civil service protections and democratic norms, while supporters see him as essential to implementing conservative governance reforms. He is seen as one of the most powerful and ideologically driven figures in the administration.",Republican,51.0%,20,"OMB Director 2020-2021, Deputy OMB Director 2018-2020",BA,Wheaton College,5,"Government restructuring, Schedule F",Gen X,Male,Virginia,No
[[Lee Zeldin]],[[Legislative affairs]],Environmental Protection,"Lee Zeldin is viewed as a former congressman with limited environmental expertise who is expected to roll back climate regulations. Environmental groups see his appointment as alarming, while business interests and conservatives view him as bringing needed balance to what they see as regulatory overreach. His political skills are acknowledged but environmental credentials are questioned.",Republican,N/A,15,U.S. House (New York) 2015-2023,JD,Albany Law School,4,"Deregulation, climate policy rollback",Millennial,Male,New York,Yes
[[Lee Zeldin]],[[environmental law]],Environmental Protection,"Lee Zeldin is viewed as a former congressman with limited environmental expertise who is expected to roll back climate regulations. Environmental groups see his appointment as alarming, while business interests and conservatives view him as bringing needed balance to what they see as regulatory overreach. His political skills are acknowledged but environmental credentials are questioned.",Republican,N/A,15,U.S. House (New York) 2015-2023,JD,Albany Law School,4,"Deregulation, climate policy rollback",Millennial,Male,New York,Yes
[[Lee Zeldin]],[[political strategy]],Environmental Protection,"Lee Zeldin is viewed as a former congressman with limited environmental expertise who is expected to roll back climate regulations. Environmental groups see his appointment as alarming, while business interests and conservatives view him as bringing needed balance to what they see as regulatory overreach. His political skills are acknowledged but environmental credentials are questioned.",Republican,N/A,15,U.S. House (New York) 2015-2023,JD,Albany Law School,4,"Deregulation, climate policy rollback",Millennial,Male,New York,Yes
[[Lee Zeldin]],[[legal practice]],Environmental Protection,"Lee Zeldin is viewed as a former congressman with limited environmental expertise who is expected to roll back climate regulations. Environmental groups see his appointment as alarming, while business interests and conservatives view him as bringing needed balance to what they see as regulatory overreach. His political skills are acknowledged but environmental credentials are questioned.",Republican,N/A,15,U.S. House (New York) 2015-2023,JD,Albany Law School,4,"Deregulation, climate policy rollback",Millennial,Male,New York,Yes
[[Lee Zeldin]],[[regulatory policy]],Environmental Protection,"Lee Zeldin is viewed as a former congressman with limited environmental expertise who is expected to roll back climate regulations. Environmental groups see his appointment as alarming, while business interests and conservatives view him as bringing needed balance to what they see as regulatory overreach. His political skills are acknowledged but environmental credentials are questioned.",Republican,N/A,15,U.S. House (New York) 2015-2023,JD,Albany Law School,4,"Deregulation, climate policy rollback",Millennial,Male,New York,Yes
[[Kelly Loeffler]],[[Finance]],Small Business & Entrepreneurship,"Kelly Loeffler is perceived as a wealthy businesswoman and former senator who lost her seat in 2021. Critics view her as a political opportunist who shifted positions to align with Trump, while supporters see her business experience as valuable for small business advocacy. Her wealth and Wall Street background create some tension with small business constituency she serves.",Republican,N/A,25,U.S. Senator (Georgia) 2020-2021,MBA,DePaul University,5,"Small business deregulation, access to capital",Gen X,Female,Georgia,No
[[Kelly Loeffler]],[[business management]],Small Business & Entrepreneurship,"Kelly Loeffler is perceived as a wealthy businesswoman and former senator who lost her seat in 2021. Critics view her as a political opportunist who shifted positions to align with Trump, while supporters see her business experience as valuable for small business advocacy. Her wealth and Wall Street background create some tension with small business constituency she serves.",Republican,N/A,25,U.S. Senator (Georgia) 2020-2021,MBA,DePaul University,5,"Small business deregulation, access to capital",Gen X,Female,Georgia,No
[[Kelly Loeffler]],[[political fundraising]],Small Business & Entrepreneurship,"Kelly Loeffler is perceived as a wealthy businesswoman and former senator who lost her seat in 2021. Critics view her as a political opportunist who shifted positions to align with Trump, while supporters see her business experience as valuable for small business advocacy. Her wealth and Wall Street background create some tension with small business constituency she serves.",Republican,N/A,25,U.S. Senator (Georgia) 2020-2021,MBA,DePaul University,5,"Small business deregulation, access to capital",Gen X,Female,Georgia,No
[[Kelly Loeffler]],[[financial services]],Small Business & Entrepreneurship,"Kelly Loeffler is perceived as a wealthy businesswoman and former senator who lost her seat in 2021. Critics view her as a political opportunist who shifted positions to align with Trump, while supporters see her business experience as valuable for small business advocacy. Her wealth and Wall Street background create some tension with small business constituency she serves.",Republican,N/A,25,U.S. Senator (Georgia) 2020-2021,MBA,DePaul University,5,"Small business deregulation, access to capital",Gen X,Female,Georgia,No
[[Kelly Loeffler]],[[investment strategy]],Small Business & Entrepreneurship,"Kelly Loeffler is perceived as a wealthy businesswoman and former senator who lost her seat in 2021. Critics view her as a political opportunist who shifted positions to align with Trump, while supporters see her business experience as valuable for small business advocacy. Her wealth and Wall Street background create some tension with small business constituency she serves.",Republican,N/A,25,U.S. Senator (Georgia) 2020-2021,MBA,DePaul University,5,"Small business deregulation, access to capital",Gen X,Female,Georgia,No
[[John Ratcliffe]],[[Intelligence oversight]],Intelligence & National Security,"John Ratcliffe is viewed as a Trump loyalist who served as DNI in the first term and was seen as politicizing intelligence. Critics worry about his partisan approach to intelligence, while supporters see him as someone who will challenge intelligence community groupthink. His legal background and prior experience are acknowledged, but concerns about independence persist.",Republican,N/A,25,"DNI 2020-2021, U.S. House (Texas) 2015-2020",JD,Southern Methodist University,5,"Intelligence politicization concerns, China focus",Baby Boomer,Male,Texas,No
[[John Ratcliffe]],[[legal affairs]],Intelligence & National Security,"John Ratcliffe is viewed as a Trump loyalist who served as DNI in the first term and was seen as politicizing intelligence. Critics worry about his partisan approach to intelligence, while supporters see him as someone who will challenge intelligence community groupthink. His legal background and prior experience are acknowledged, but concerns about independence persist.",Republican,N/A,25,"DNI 2020-2021, U.S. House (Texas) 2015-2020",JD,Southern Methodist University,5,"Intelligence politicization concerns, China focus",Baby Boomer,Male,Texas,No
[[John Ratcliffe]],[[counterterrorism]],Intelligence & National Security,"John Ratcliffe is viewed as a Trump loyalist who served as DNI in the first term and was seen as politicizing intelligence. Critics worry about his partisan approach to intelligence, while supporters see him as someone who will challenge intelligence community groupthink. His legal background and prior experience are acknowledged, but concerns about independence persist.",Republican,N/A,25,"DNI 2020-2021, U.S. House (Texas) 2015-2020",JD,Southern Methodist University,5,"Intelligence politicization concerns, China focus",Baby Boomer,Male,Texas,No
[[John Ratcliffe]],[[legislative affairs]],Intelligence & National Security,"John Ratcliffe is viewed as a Trump loyalist who served as DNI in the first term and was seen as politicizing intelligence. Critics worry about his partisan approach to intelligence, while supporters see him as someone who will challenge intelligence community groupthink. His legal background and prior experience are acknowledged, but concerns about independence persist.",Republican,N/A,25,"DNI 2020-2021, U.S. House (Texas) 2015-2020",JD,Southern Methodist University,5,"Intelligence politicization concerns, China focus",Baby Boomer,Male,Texas,No
[[John Ratcliffe]],[[national security law]],Intelligence & National Security,"John Ratcliffe is viewed as a Trump loyalist who served as DNI in the first term and was seen as politicizing intelligence. Critics worry about his partisan approach to intelligence, while supporters see him as someone who will challenge intelligence community groupthink. His legal background and prior experience are acknowledged, but concerns about independence persist.",Republican,N/A,25,"DNI 2020-2021, U.S. House (Texas) 2015-2020",JD,Southern Methodist University,5,"Intelligence politicization concerns, China focus",Baby Boomer,Male,Texas,No
[[Susie Wiles]],[[Political strategy]],White House Leadership,"Susie Wiles is widely respected as a highly competent political operative who managed Trump's successful 2024 campaign. She is seen as one of the few people who can manage Trump effectively and bring discipline to the White House. Even critics acknowledge her political skills, and she is viewed as a stabilizing force and potentially the most important person in keeping the administration functional.",Republican,N/A,40,None,BA,University of Maryland,4,"White House discipline, political strategy",Baby Boomer,Female,Florida,No
[[Susie Wiles]],[[campaign management]],White House Leadership,"Susie Wiles is widely respected as a highly competent political operative who managed Trump's successful 2024 campaign. She is seen as one of the few people who can manage Trump effectively and bring discipline to the White House. Even critics acknowledge her political skills, and she is viewed as a stabilizing force and potentially the most important person in keeping the administration functional.",Republican,N/A,40,None,BA,University of Maryland,4,"White House discipline, political strategy",Baby Boomer,Female,Florida,No
[[Susie Wiles]],[[stakeholder relations]],White House Leadership,"Susie Wiles is widely respected as a highly competent political operative who managed Trump's successful 2024 campaign. She is seen as one of the few people who can manage Trump effectively and bring discipline to the White House. Even critics acknowledge her political skills, and she is viewed as a stabilizing force and potentially the most important person in keeping the administration functional.",Republican,N/A,40,None,BA,University of Maryland,4,"White House discipline, political strategy",Baby Boomer,Female,Florida,No
[[Susie Wiles]],[[organizational leadership]],White House Leadership,"Susie Wiles is widely respected as a highly competent political operative who managed Trump's successful 2024 campaign. She is seen as one of the few people who can manage Trump effectively and bring discipline to the White House. Even critics acknowledge her political skills, and she is viewed as a stabilizing force and potentially the most important person in keeping the administration functional.",Republican,N/A,40,None,BA,University of Maryland,4,"White House discipline, political strategy",Baby Boomer,Female,Florida,No
[[Susie Wiles]],[[crisis management]],White House Leadership,"Susie Wiles is widely respected as a highly competent political operative who managed Trump's successful 2024 campaign. She is seen as one of the few people who can manage Trump effectively and bring discipline to the White House. Even critics acknowledge her political skills, and she is viewed as a stabilizing force and potentially the most important person in keeping the administration functional.",Republican,N/A,40,None,BA,University of Maryland,4,"White House discipline, political strategy",Baby Boomer,Female,Florida,No
[[Dan Scavino]],[[Social media strategy]],White House Leadership,"Dan Scavino is viewed as one of Trump's most loyal and longest-serving aides, having worked with him since his golf course days. He is seen as a social media expert who understands Trump's communication style perfectly. His recent appointment to head Presidential Personnel Office signals his growing influence, though critics worry about loyalty-based hiring. He is respected for his dedication but seen as an enabler.",Republican,N/A,25,White House Social Media Director 2017-2021,Some college,No degree,5,"Loyalty-based hiring, social media messaging",Gen X,Male,New York,No
[[Dan Scavino]],[[communications]],White House Leadership,"Dan Scavino is viewed as one of Trump's most loyal and longest-serving aides, having worked with him since his golf course days. He is seen as a social media expert who understands Trump's communication style perfectly. His recent appointment to head Presidential Personnel Office signals his growing influence, though critics worry about loyalty-based hiring. He is respected for his dedication but seen as an enabler.",Republican,N/A,25,White House Social Media Director 2017-2021,Some college,No degree,5,"Loyalty-based hiring, social media messaging",Gen X,Male,New York,No
[[Dan Scavino]],[[political messaging]],White House Leadership,"Dan Scavino is viewed as one of Trump's most loyal and longest-serving aides, having worked with him since his golf course days. He is seen as a social media expert who understands Trump's communication style perfectly. His recent appointment to head Presidential Personnel Office signals his growing influence, though critics worry about loyalty-based hiring. He is respected for his dedication but seen as an enabler.",Republican,N/A,25,White House Social Media Director 2017-2021,Some college,No degree,5,"Loyalty-based hiring, social media messaging",Gen X,Male,New York,No
[[Dan Scavino]],[[digital media]],White House Leadership,"Dan Scavino is viewed as one of Trump's most loyal and longest-serving aides, having worked with him since his golf course days. He is seen as a social media expert who understands Trump's communication style perfectly. His recent appointment to head Presidential Personnel Office signals his growing influence, though critics worry about loyalty-based hiring. He is respected for his dedication but seen as an enabler.",Republican,N/A,25,White House Social Media Director 2017-2021,Some college,No degree,5,"Loyalty-based hiring, social media messaging",Gen X,Male,New York,No
[[Dan Scavino]],[[personnel management]],White House Leadership,"Dan Scavino is viewed as one of Trump's most loyal and longest-serving aides, having worked with him since his golf course days. He is seen as a social media expert who understands Trump's communication style perfectly. His recent appointment to head Presidential Personnel Office signals his growing influence, though critics worry about loyalty-based hiring. He is respected for his dedication but seen as an enabler.",Republican,N/A,25,White House Social Media Director 2017-2021,Some college,No degree,5,"Loyalty-based hiring, social media messaging",Gen X,Male,New York,No
[[Stephen Miller]],[[Policy development]],White House Leadership,"Stephen Miller is one of the most controversial figures in the administration, viewed by critics as an extremist on immigration and architect of harsh policies including family separation. Supporters see him as a principled advocate for immigration enforcement and national sovereignty. His influence on policy is enormous, and he is seen as ideologically driven and uncompromising.",Republican,N/A,18,"White House Senior Advisor 2017-2021, Senate staff",BA,Duke University,5,"Immigration restriction, border wall",Millennial,Male,California,No
[[Stephen Miller]],[[speechwriting]],White House Leadership,"Stephen Miller is one of the most controversial figures in the administration, viewed by critics as an extremist on immigration and architect of harsh policies including family separation. Supporters see him as a principled advocate for immigration enforcement and national sovereignty. His influence on policy is enormous, and he is seen as ideologically driven and uncompromising.",Republican,N/A,18,"White House Senior Advisor 2017-2021, Senate staff",BA,Duke University,5,"Immigration restriction, border wall",Millennial,Male,California,No
[[Stephen Miller]],[[immigration policy]],White House Leadership,"Stephen Miller is one of the most controversial figures in the administration, viewed by critics as an extremist on immigration and architect of harsh policies including family separation. Supporters see him as a principled advocate for immigration enforcement and national sovereignty. His influence on policy is enormous, and he is seen as ideologically driven and uncompromising.",Republican,N/A,18,"White House Senior Advisor 2017-2021, Senate staff",BA,Duke University,5,"Immigration restriction, border wall",Millennial,Male,California,No
[[Stephen Miller]],[[political strategy]],White House Leadership,"Stephen Miller is one of the most controversial figures in the administration, viewed by critics as an extremist on immigration and architect of harsh policies including family separation. Supporters see him as a principled advocate for immigration enforcement and national sovereignty. His influence on policy is enormous, and he is seen as ideologically driven and uncompromising.",Republican,N/A,18,"White House Senior Advisor 2017-2021, Senate staff",BA,Duke University,5,"Immigration restriction, border wall",Millennial,Male,California,No
[[Stephen Miller]],[[communications]],White House Leadership,"Stephen Miller is one of the most controversial figures in the administration, viewed by critics as an extremist on immigration and architect of harsh policies including family separation. Supporters see him as a principled advocate for immigration enforcement and national sovereignty. His influence on policy is enormous, and he is seen as ideologically driven and uncompromising.",Republican,N/A,18,"White House Senior Advisor 2017-2021, Senate staff",BA,Duke University,5,"Immigration restriction, border wall",Millennial,Male,California,No
[[Peter Navarro]],[[Economics]],Economic Policy,Peter Navarro is viewed as a controversial economist and China hawk who served prison time for contempt of Congress. His heterodox economic views on trade are dismissed by most mainstream economists but embraced by economic nationalists. His return to the administration after imprisonment is seen by critics as rewarding lawlessness and by supporters as vindication of a political persecution victim.,Republican,N/A,40,White House Trade Advisor 2017-2021,PhD,Harvard,5,"China confrontation, trade protectionism",Baby Boomer,Male,California,No
[[Peter Navarro]],[[trade policy]],Economic Policy,Peter Navarro is viewed as a controversial economist and China hawk who served prison time for contempt of Congress. His heterodox economic views on trade are dismissed by most mainstream economists but embraced by economic nationalists. His return to the administration after imprisonment is seen by critics as rewarding lawlessness and by supporters as vindication of a political persecution victim.,Republican,N/A,40,White House Trade Advisor 2017-2021,PhD,Harvard,5,"China confrontation, trade protectionism",Baby Boomer,Male,California,No
[[Peter Navarro]],[[China policy]],Economic Policy,Peter Navarro is viewed as a controversial economist and China hawk who served prison time for contempt of Congress. His heterodox economic views on trade are dismissed by most mainstream economists but embraced by economic nationalists. His return to the administration after imprisonment is seen by critics as rewarding lawlessness and by supporters as vindication of a political persecution victim.,Republican,N/A,40,White House Trade Advisor 2017-2021,PhD,Harvard,5,"China confrontation, trade protectionism",Baby Boomer,Male,California,No
[[Peter Navarro]],[[academic research]],Economic Policy,Peter Navarro is viewed as a controversial economist and China hawk who served prison time for contempt of Congress. His heterodox economic views on trade are dismissed by most mainstream economists but embraced by economic nationalists. His return to the administration after imprisonment is seen by critics as rewarding lawlessness and by supporters as vindication of a political persecution victim.,Republican,N/A,40,White House Trade Advisor 2017-2021,PhD,Harvard,5,"China confrontation, trade protectionism",Baby Boomer,Male,California,No
[[Peter Navarro]],[[political advocacy]],Economic Policy,Peter Navarro is viewed as a controversial economist and China hawk who served prison time for contempt of Congress. His heterodox economic views on trade are dismissed by most mainstream economists but embraced by economic nationalists. His return to the administration after imprisonment is seen by critics as rewarding lawlessness and by supporters as vindication of a political persecution victim.,Republican,N/A,40,White House Trade Advisor 2017-2021,PhD,Harvard,5,"China confrontation, trade protectionism",Baby Boomer,Male,California,No
[[Kevin Hassett]],[[Economics]],Economic Policy,"Kevin Hassett is viewed as a more traditional conservative economist who served in Trump's first term. While more mainstream than Navarro, his optimistic economic forecasts have sometimes proven inaccurate, leading to credibility questions. He is seen as bringing economic expertise but also as willing to support Trump's positions even when they conflict with economic consensus.",Republican,N/A,35,Chair of Council of Economic Advisers 2017-2019,PhD,University of Pennsylvania,4,"Tax policy, economic growth forecasting",Baby Boomer,Male,Virginia,No
[[Kevin Hassett]],[[policy analysis]],Economic Policy,"Kevin Hassett is viewed as a more traditional conservative economist who served in Trump's first term. While more mainstream than Navarro, his optimistic economic forecasts have sometimes proven inaccurate, leading to credibility questions. He is seen as bringing economic expertise but also as willing to support Trump's positions even when they conflict with economic consensus.",Republican,N/A,35,Chair of Council of Economic Advisers 2017-2019,PhD,University of Pennsylvania,4,"Tax policy, economic growth forecasting",Baby Boomer,Male,Virginia,No
[[Kevin Hassett]],[[tax policy]],Economic Policy,"Kevin Hassett is viewed as a more traditional conservative economist who served in Trump's first term. While more mainstream than Navarro, his optimistic economic forecasts have sometimes proven inaccurate, leading to credibility questions. He is seen as bringing economic expertise but also as willing to support Trump's positions even when they conflict with economic consensus.",Republican,N/A,35,Chair of Council of Economic Advisers 2017-2019,PhD,University of Pennsylvania,4,"Tax policy, economic growth forecasting",Baby Boomer,Male,Virginia,No
[[Kevin Hassett]],[[economic forecasting]],Economic Policy,"Kevin Hassett is viewed as a more traditional conservative economist who served in Trump's first term. While more mainstream than Navarro, his optimistic economic forecasts have sometimes proven inaccurate, leading to credibility questions. He is seen as bringing economic expertise but also as willing to support Trump's positions even when they conflict with economic consensus.",Republican,N/A,35,Chair of Council of Economic Advisers 2017-2019,PhD,University of Pennsylvania,4,"Tax policy, economic growth forecasting",Baby Boomer,Male,Virginia,No
[[Kevin Hassett]],[[academic research]],Economic Policy,"Kevin Hassett is viewed as a more traditional conservative economist who served in Trump's first term. While more mainstream than Navarro, his optimistic economic forecasts have sometimes proven inaccurate, leading to credibility questions. He is seen as bringing economic expertise but also as willing to support Trump's positions even when they conflict with economic consensus.",Republican,N/A,35,Chair of Council of Economic Advisers 2017-2019,PhD,University of Pennsylvania,4,"Tax policy, economic growth forecasting",Baby Boomer,Male,Virginia,No
[[Karoline Leavitt]],[[Press relations]],Communications & Media,"Karoline Leavitt is viewed as the youngest White House Press Secretary in history, bringing energy and fierce loyalty to Trump. Critics see her as combative and willing to spread misinformation, while supporters appreciate her aggressive defense of the administration. She represents a new generation of MAGA communicators who prioritize fighting media narratives over traditional press relations.",Republican,N/A,6,White House Assistant Press Secretary 2021,BA,Saint Anselm College,5,"Media combat, narrative control",Gen Z,Female,New Hampshire,No
[[Karoline Leavitt]],[[political communications]],Communications & Media,"Karoline Leavitt is viewed as the youngest White House Press Secretary in history, bringing energy and fierce loyalty to Trump. Critics see her as combative and willing to spread misinformation, while supporters appreciate her aggressive defense of the administration. She represents a new generation of MAGA communicators who prioritize fighting media narratives over traditional press relations.",Republican,N/A,6,White House Assistant Press Secretary 2021,BA,Saint Anselm College,5,"Media combat, narrative control",Gen Z,Female,New Hampshire,No
[[Karoline Leavitt]],[[media strategy]],Communications & Media,"Karoline Leavitt is viewed as the youngest White House Press Secretary in history, bringing energy and fierce loyalty to Trump. Critics see her as combative and willing to spread misinformation, while supporters appreciate her aggressive defense of the administration. She represents a new generation of MAGA communicators who prioritize fighting media narratives over traditional press relations.",Republican,N/A,6,White House Assistant Press Secretary 2021,BA,Saint Anselm College,5,"Media combat, narrative control",Gen Z,Female,New Hampshire,No
[[Karoline Leavitt]],[[public speaking]],Communications & Media,"Karoline Leavitt is viewed as the youngest White House Press Secretary in history, bringing energy and fierce loyalty to Trump. Critics see her as combative and willing to spread misinformation, while supporters appreciate her aggressive defense of the administration. She represents a new generation of MAGA communicators who prioritize fighting media narratives over traditional press relations.",Republican,N/A,6,White House Assistant Press Secretary 2021,BA,Saint Anselm College,5,"Media combat, narrative control",Gen Z,Female,New Hampshire,No
[[Karoline Leavitt]],[[crisis communications]],Communications & Media,"Karoline Leavitt is viewed as the youngest White House Press Secretary in history, bringing energy and fierce loyalty to Trump. Critics see her as combative and willing to spread misinformation, while supporters appreciate her aggressive defense of the administration. She represents a new generation of MAGA communicators who prioritize fighting media narratives over traditional press relations.",Republican,N/A,6,White House Assistant Press Secretary 2021,BA,Saint Anselm College,5,"Media combat, narrative control",Gen Z,Female,New Hampshire,No
[[Steven Cheung]],[[Communications strategy]],Communications & Media,"Steven Cheung is known for his aggressive, combative communication style and loyalty to Trump. He is viewed by critics as epitomizing the administration's confrontational approach to media, while supporters see him as an effective fighter against what they view as biased coverage. His tactics are controversial but acknowledged as effective in the current political environment.",Republican,N/A,20,White House Communications (UFC liaison) 2017-2021,BA,UC Berkeley,5,"Aggressive media strategy, opposition research",Gen X,Male,California,No
[[Steven Cheung]],[[crisis management]],Communications & Media,"Steven Cheung is known for his aggressive, combative communication style and loyalty to Trump. He is viewed by critics as epitomizing the administration's confrontational approach to media, while supporters see him as an effective fighter against what they view as biased coverage. His tactics are controversial but acknowledged as effective in the current political environment.",Republican,N/A,20,White House Communications (UFC liaison) 2017-2021,BA,UC Berkeley,5,"Aggressive media strategy, opposition research",Gen X,Male,California,No
[[Steven Cheung]],[[political messaging]],Communications & Media,"Steven Cheung is known for his aggressive, combative communication style and loyalty to Trump. He is viewed by critics as epitomizing the administration's confrontational approach to media, while supporters see him as an effective fighter against what they view as biased coverage. His tactics are controversial but acknowledged as effective in the current political environment.",Republican,N/A,20,White House Communications (UFC liaison) 2017-2021,BA,UC Berkeley,5,"Aggressive media strategy, opposition research",Gen X,Male,California,No
[[Steven Cheung]],[[media relations]],Communications & Media,"Steven Cheung is known for his aggressive, combative communication style and loyalty to Trump. He is viewed by critics as epitomizing the administration's confrontational approach to media, while supporters see him as an effective fighter against what they view as biased coverage. His tactics are controversial but acknowledged as effective in the current political environment.",Republican,N/A,20,White House Communications (UFC liaison) 2017-2021,BA,UC Berkeley,5,"Aggressive media strategy, opposition research",Gen X,Male,California,No
[[Steven Cheung]],[[opposition research]],Communications & Media,"Steven Cheung is known for his aggressive, combative communication style and loyalty to Trump. He is viewed by critics as epitomizing the administration's confrontational approach to media, while supporters see him as an effective fighter against what they view as biased coverage. His tactics are controversial but acknowledged as effective in the current political environment.",Republican,N/A,20,White House Communications (UFC liaison) 2017-2021,BA,UC Berkeley,5,"Aggressive media strategy, opposition research",Gen X,Male,California,No
[[Vince Haley]],[[Policy development]],Domestic Policy,"Vince Haley is less publicly known but viewed within policy circles as a committed conservative who has worked with Trump since the 2016 campaign. He is seen as ideologically reliable and focused on implementing conservative domestic policy priorities. His lower profile means less public scrutiny, but he is influential in shaping the administration's domestic agenda.",Republican,N/A,25,White House speechwriter 2017-2021,PhD,UC Santa Barbara,5,"Conservative domestic policy, speechwriting",Gen X,Male,California,No
[[Vince Haley]],[[speechwriting]],Domestic Policy,"Vince Haley is less publicly known but viewed within policy circles as a committed conservative who has worked with Trump since the 2016 campaign. He is seen as ideologically reliable and focused on implementing conservative domestic policy priorities. His lower profile means less public scrutiny, but he is influential in shaping the administration's domestic agenda.",Republican,N/A,25,White House speechwriter 2017-2021,PhD,UC Santa Barbara,5,"Conservative domestic policy, speechwriting",Gen X,Male,California,No
[[Vince Haley]],[[conservative advocacy]],Domestic Policy,"Vince Haley is less publicly known but viewed within policy circles as a committed conservative who has worked with Trump since the 2016 campaign. He is seen as ideologically reliable and focused on implementing conservative domestic policy priorities. His lower profile means less public scrutiny, but he is influential in shaping the administration's domestic agenda.",Republican,N/A,25,White House speechwriter 2017-2021,PhD,UC Santa Barbara,5,"Conservative domestic policy, speechwriting",Gen X,Male,California,No
[[Vince Haley]],[[strategic planning]],Domestic Policy,"Vince Haley is less publicly known but viewed within policy circles as a committed conservative who has worked with Trump since the 2016 campaign. He is seen as ideologically reliable and focused on implementing conservative domestic policy priorities. His lower profile means less public scrutiny, but he is influential in shaping the administration's domestic agenda.",Republican,N/A,25,White House speechwriter 2017-2021,PhD,UC Santa Barbara,5,"Conservative domestic policy, speechwriting",Gen X,Male,California,No
[[Vince Haley]],[[political communications]],Domestic Policy,"Vince Haley is less publicly known but viewed within policy circles as a committed conservative who has worked with Trump since the 2016 campaign. He is seen as ideologically reliable and focused on implementing conservative domestic policy priorities. His lower profile means less public scrutiny, but he is influential in shaping the administration's domestic agenda.",Republican,N/A,25,White House speechwriter 2017-2021,PhD,UC Santa Barbara,5,"Conservative domestic policy, speechwriting",Gen X,Male,California,No
[[Sebastian Gorka]],[[Counterterrorism analysis]],National Security & Counterterrorism,"Sebastian Gorka is viewed as a controversial figure with disputed credentials who promotes hardline views on Islam and terrorism. Critics question his academic credentials and view him as promoting dangerous stereotypes, while supporters see him as willing to speak uncomfortable truths about terrorism. His return to the administration after a brief first-term stint is seen as rewarding loyalty over expertise.",Republican,N/A,25,Deputy Assistant to the President 2017,PhD,Corvinus University,5,"Counterterrorism, anti-radical Islam",Gen X,Male,Virginia,No
[[Sebastian Gorka]],[[media communications]],National Security & Counterterrorism,"Sebastian Gorka is viewed as a controversial figure with disputed credentials who promotes hardline views on Islam and terrorism. Critics question his academic credentials and view him as promoting dangerous stereotypes, while supporters see him as willing to speak uncomfortable truths about terrorism. His return to the administration after a brief first-term stint is seen as rewarding loyalty over expertise.",Republican,N/A,25,Deputy Assistant to the President 2017,PhD,Corvinus University,5,"Counterterrorism, anti-radical Islam",Gen X,Male,Virginia,No
[[Sebastian Gorka]],[[political commentary]],National Security & Counterterrorism,"Sebastian Gorka is viewed as a controversial figure with disputed credentials who promotes hardline views on Islam and terrorism. Critics question his academic credentials and view him as promoting dangerous stereotypes, while supporters see him as willing to speak uncomfortable truths about terrorism. His return to the administration after a brief first-term stint is seen as rewarding loyalty over expertise.",Republican,N/A,25,Deputy Assistant to the President 2017,PhD,Corvinus University,5,"Counterterrorism, anti-radical Islam",Gen X,Male,Virginia,No
[[Sebastian Gorka]],[[national security strategy]],National Security & Counterterrorism,"Sebastian Gorka is viewed as a controversial figure with disputed credentials who promotes hardline views on Islam and terrorism. Critics question his academic credentials and view him as promoting dangerous stereotypes, while supporters see him as willing to speak uncomfortable truths about terrorism. His return to the administration after a brief first-term stint is seen as rewarding loyalty over expertise.",Republican,N/A,25,Deputy Assistant to the President 2017,PhD,Corvinus University,5,"Counterterrorism, anti-radical Islam",Gen X,Male,Virginia,No
[[David Warrington]],[[Legal strategy]],Legal Affairs,"David Warrington is viewed as a Trump personal attorney who has defended him in various legal matters. His appointment as White House Counsel raises concerns about the blurring of personal and official legal representation. Critics worry about conflicts of interest, while supporters see him as a trusted legal advisor who will protect presidential prerogatives.",Republican,N/A,20,None,JD,George Mason University,5,"Presidential legal defense, executive power",Gen X,Male,Virginia,No
[[David Warrington]],[[white-collar defense]],Legal Affairs,"David Warrington is viewed as a Trump personal attorney who has defended him in various legal matters. His appointment as White House Counsel raises concerns about the blurring of personal and official legal representation. Critics worry about conflicts of interest, while supporters see him as a trusted legal advisor who will protect presidential prerogatives.",Republican,N/A,20,None,JD,George Mason University,5,"Presidential legal defense, executive power",Gen X,Male,Virginia,No
[[David Warrington]],[[political law]],Legal Affairs,"David Warrington is viewed as a Trump personal attorney who has defended him in various legal matters. His appointment as White House Counsel raises concerns about the blurring of personal and official legal representation. Critics worry about conflicts of interest, while supporters see him as a trusted legal advisor who will protect presidential prerogatives.",Republican,N/A,20,None,JD,George Mason University,5,"Presidential legal defense, executive power",Gen X,Male,Virginia,No
[[David Warrington]],[[crisis management]],Legal Affairs,"David Warrington is viewed as a Trump personal attorney who has defended him in various legal matters. His appointment as White House Counsel raises concerns about the blurring of personal and official legal representation. Critics worry about conflicts of interest, while supporters see him as a trusted legal advisor who will protect presidential prerogatives.",Republican,N/A,20,None,JD,George Mason University,5,"Presidential legal defense, executive power",Gen X,Male,Virginia,No
[[David Warrington]],[[litigation]],Legal Affairs,"David Warrington is viewed as a Trump personal attorney who has defended him in various legal matters. His appointment as White House Counsel raises concerns about the blurring of personal and official legal representation. Critics worry about conflicts of interest, while supporters see him as a trusted legal advisor who will protect presidential prerogatives.",Republican,N/A,20,None,JD,George Mason University,5,"Presidential legal defense, executive power",Gen X,Male,Virginia,No
[[Will Scharf]],[[Legal affairs]],White House Leadership,"Will Scharf is viewed as a young conservative lawyer who represented Trump in legal cases and brings both legal expertise and political loyalty. As Staff Secretary, he controls paper flow to the president, making him influential despite low public profile. He is seen as competent but also as part of the pattern of appointing personal lawyers to government positions.",Republican,N/A,12,None,JD,Yale Law School,5,"Legal strategy, paper flow control",Millennial,Male,Missouri,No
[[Will Scharf]],[[policy coordination]],White House Leadership,"Will Scharf is viewed as a young conservative lawyer who represented Trump in legal cases and brings both legal expertise and political loyalty. As Staff Secretary, he controls paper flow to the president, making him influential despite low public profile. He is seen as competent but also as part of the pattern of appointing personal lawyers to government positions.",Republican,N/A,12,None,JD,Yale Law School,5,"Legal strategy, paper flow control",Millennial,Male,Missouri,No
[[Will Scharf]],[[political strategy]],White House Leadership,"Will Scharf is viewed as a young conservative lawyer who represented Trump in legal cases and brings both legal expertise and political loyalty. As Staff Secretary, he controls paper flow to the president, making him influential despite low public profile. He is seen as competent but also as part of the pattern of appointing personal lawyers to government positions.",Republican,N/A,12,None,JD,Yale Law School,5,"Legal strategy, paper flow control",Millennial,Male,Missouri,No
[[Will Scharf]],[[appellate litigation]],White House Leadership,"Will Scharf is viewed as a young conservative lawyer who represented Trump in legal cases and brings both legal expertise and political loyalty. As Staff Secretary, he controls paper flow to the president, making him influential despite low public profile. He is seen as competent but also as part of the pattern of appointing personal lawyers to government positions.",Republican,N/A,12,None,JD,Yale Law School,5,"Legal strategy, paper flow control",Millennial,Male,Missouri,No
[[Will Scharf]],[[constitutional law]],White House Leadership,"Will Scharf is viewed as a young conservative lawyer who represented Trump in legal cases and brings both legal expertise and political loyalty. As Staff Secretary, he controls paper flow to the president, making him influential despite low public profile. He is seen as competent but also as part of the pattern of appointing personal lawyers to government positions.",Republican,N/A,12,None,JD,Yale Law School,5,"Legal strategy, paper flow control",Millennial,Male,Missouri,No
[[Massad Boulos]],[[Business development]],Foreign Affairs,"Massad Boulos is viewed as Trump's son-in-law's father (Tiffany Trump's father-in-law) whose appointment raises nepotism concerns. His Lebanese business background and connections to Middle Eastern leaders are seen as potentially valuable for regional diplomacy, but critics worry about conflicts of interest and lack of government experience. His role is viewed as reflecting Trump's preference for personal relationships in foreign policy.",Republican,N/A,40,None,Business degree,Lebanese university,5,"Middle East diplomacy, family connections",Baby Boomer,Male,Florida,No
[[Massad Boulos]],[[Middle East relations]],Foreign Affairs,"Massad Boulos is viewed as Trump's son-in-law's father (Tiffany Trump's father-in-law) whose appointment raises nepotism concerns. His Lebanese business background and connections to Middle Eastern leaders are seen as potentially valuable for regional diplomacy, but critics worry about conflicts of interest and lack of government experience. His role is viewed as reflecting Trump's preference for personal relationships in foreign policy.",Republican,N/A,40,None,Business degree,Lebanese university,5,"Middle East diplomacy, family connections",Baby Boomer,Male,Florida,No
[[Massad Boulos]],[[international business]],Foreign Affairs,"Massad Boulos is viewed as Trump's son-in-law's father (Tiffany Trump's father-in-law) whose appointment raises nepotism concerns. His Lebanese business background and connections to Middle Eastern leaders are seen as potentially valuable for regional diplomacy, but critics worry about conflicts of interest and lack of government experience. His role is viewed as reflecting Trump's preference for personal relationships in foreign policy.",Republican,N/A,40,None,Business degree,Lebanese university,5,"Middle East diplomacy, family connections",Baby Boomer,Male,Florida,No
[[Massad Boulos]],[[political networking]],Foreign Affairs,"Massad Boulos is viewed as Trump's son-in-law's father (Tiffany Trump's father-in-law) whose appointment raises nepotism concerns. His Lebanese business background and connections to Middle Eastern leaders are seen as potentially valuable for regional diplomacy, but critics worry about conflicts of interest and lack of government experience. His role is viewed as reflecting Trump's preference for personal relationships in foreign policy.",Republican,N/A,40,None,Business degree,Lebanese university,5,"Middle East diplomacy, family connections",Baby Boomer,Male,Florida,No
[[Massad Boulos]],[[cultural diplomacy]],Foreign Affairs,"Massad Boulos is viewed as Trump's son-in-law's father (Tiffany Trump's father-in-law) whose appointment raises nepotism concerns. His Lebanese business background and connections to Middle Eastern leaders are seen as potentially valuable for regional diplomacy, but critics worry about conflicts of interest and lack of government experience. His role is viewed as reflecting Trump's preference for personal relationships in foreign policy.",Republican,N/A,40,None,Business degree,Lebanese university,5,"Middle East diplomacy, family connections",Baby Boomer,Male,Florida,No
[[Michael Kratsios]],[[Technology policy]],Science & Technology,"Michael Kratsios is viewed as a young tech policy expert who served in Trump's first term and brings Silicon Valley connections. He is seen as more focused on technology competition with China and innovation than on science for its own sake. His strong Senate confirmation (74-25) suggests bipartisan respect for his competence, though some scientists worry about politicization of science policy.",Republican,74.7%,15,"U.S. CTO 2019-2021, Deputy U.S. CTO 2017-2019",BA,Princeton University,4,"Tech competition with China, AI policy",Millennial,Male,South Carolina,No
[[Michael Kratsios]],[[venture capital]],Science & Technology,"Michael Kratsios is viewed as a young tech policy expert who served in Trump's first term and brings Silicon Valley connections. He is seen as more focused on technology competition with China and innovation than on science for its own sake. His strong Senate confirmation (74-25) suggests bipartisan respect for his competence, though some scientists worry about politicization of science policy.",Republican,74.7%,15,"U.S. CTO 2019-2021, Deputy U.S. CTO 2017-2019",BA,Princeton University,4,"Tech competition with China, AI policy",Millennial,Male,South Carolina,No
[[Michael Kratsios]],[[innovation strategy]],Science & Technology,"Michael Kratsios is viewed as a young tech policy expert who served in Trump's first term and brings Silicon Valley connections. He is seen as more focused on technology competition with China and innovation than on science for its own sake. His strong Senate confirmation (74-25) suggests bipartisan respect for his competence, though some scientists worry about politicization of science policy.",Republican,74.7%,15,"U.S. CTO 2019-2021, Deputy U.S. CTO 2017-2019",BA,Princeton University,4,"Tech competition with China, AI policy",Millennial,Male,South Carolina,No
[[Michael Kratsios]],[[government-industry relations]],Science & Technology,"Michael Kratsios is viewed as a young tech policy expert who served in Trump's first term and brings Silicon Valley connections. He is seen as more focused on technology competition with China and innovation than on science for its own sake. His strong Senate confirmation (74-25) suggests bipartisan respect for his competence, though some scientists worry about politicization of science policy.",Republican,74.7%,15,"U.S. CTO 2019-2021, Deputy U.S. CTO 2017-2019",BA,Princeton University,4,"Tech competition with China, AI policy",Millennial,Male,South Carolina,No
[[Michael Kratsios]],[[emerging technologies]],Science & Technology,"Michael Kratsios is viewed as a young tech policy expert who served in Trump's first term and brings Silicon Valley connections. He is seen as more focused on technology competition with China and innovation than on science for its own sake. His strong Senate confirmation (74-25) suggests bipartisan respect for his competence, though some scientists worry about politicization of science policy.",Republican,74.7%,15,"U.S. CTO 2019-2021, Deputy U.S. CTO 2017-2019",BA,Princeton University,4,"Tech competition with China, AI policy",Millennial,Male,South Carolina,No
[[Todd Blanche]],[[Criminal defense]],Justice & Legal Affairs,"Todd Blanche is viewed primarily as Trump's personal criminal defense attorney who represented him in multiple cases. His appointment as Deputy Attorney General is seen by critics as inappropriate and a sign of DOJ politicization, while supporters view him as a talented lawyer who will restore what they see as fairness to the Justice Department. His loyalty to Trump is unquestioned.",Republican,53.6%,25,None,JD,Brooklyn Law School,5,"DOJ reform, Trump legal protection",Gen X,Male,New York,No
[[Todd Blanche]],[[white-collar litigation]],Justice & Legal Affairs,"Todd Blanche is viewed primarily as Trump's personal criminal defense attorney who represented him in multiple cases. His appointment as Deputy Attorney General is seen by critics as inappropriate and a sign of DOJ politicization, while supporters view him as a talented lawyer who will restore what they see as fairness to the Justice Department. His loyalty to Trump is unquestioned.",Republican,53.6%,25,None,JD,Brooklyn Law School,5,"DOJ reform, Trump legal protection",Gen X,Male,New York,No
[[Todd Blanche]],[[legal strategy]],Justice & Legal Affairs,"Todd Blanche is viewed primarily as Trump's personal criminal defense attorney who represented him in multiple cases. His appointment as Deputy Attorney General is seen by critics as inappropriate and a sign of DOJ politicization, while supporters view him as a talented lawyer who will restore what they see as fairness to the Justice Department. His loyalty to Trump is unquestioned.",Republican,53.6%,25,None,JD,Brooklyn Law School,5,"DOJ reform, Trump legal protection",Gen X,Male,New York,No
[[Todd Blanche]],[[trial advocacy]],Justice & Legal Affairs,"Todd Blanche is viewed primarily as Trump's personal criminal defense attorney who represented him in multiple cases. His appointment as Deputy Attorney General is seen by critics as inappropriate and a sign of DOJ politicization, while supporters view him as a talented lawyer who will restore what they see as fairness to the Justice Department. His loyalty to Trump is unquestioned.",Republican,53.6%,25,None,JD,Brooklyn Law School,5,"DOJ reform, Trump legal protection",Gen X,Male,New York,No
[[Todd Blanche]],[[appellate practice]],Justice & Legal Affairs,"Todd Blanche is viewed primarily as Trump's personal criminal defense attorney who represented him in multiple cases. His appointment as Deputy Attorney General is seen by critics as inappropriate and a sign of DOJ politicization, while supporters view him as a talented lawyer who will restore what they see as fairness to the Justice Department. His loyalty to Trump is unquestioned.",Republican,53.6%,25,None,JD,Brooklyn Law School,5,"DOJ reform, Trump legal protection",Gen X,Male,New York,No
[[Christopher Landau]],[[Diplomacy]],Foreign Affairs,"Christopher Landau is viewed as a respected attorney and former ambassador to Mexico who brings both legal expertise and diplomatic experience. His appointment as Deputy Secretary of State is seen as more traditional and competent than some Trump picks. He is viewed as capable and experienced, though his willingness to serve under Trump's unconventional foreign policy approach is noted.",Republican,66.0%,35,Ambassador to Mexico 2019-2021,JD,Harvard Law School,3,"Latin America relations, legal diplomacy",Baby Boomer,Male,Maryland,No
[[Christopher Landau]],[[legal affairs]],Foreign Affairs,"Christopher Landau is viewed as a respected attorney and former ambassador to Mexico who brings both legal expertise and diplomatic experience. His appointment as Deputy Secretary of State is seen as more traditional and competent than some Trump picks. He is viewed as capable and experienced, though his willingness to serve under Trump's unconventional foreign policy approach is noted.",Republican,66.0%,35,Ambassador to Mexico 2019-2021,JD,Harvard Law School,3,"Latin America relations, legal diplomacy",Baby Boomer,Male,Maryland,No
[[Christopher Landau]],[[appellate litigation]],Foreign Affairs,"Christopher Landau is viewed as a respected attorney and former ambassador to Mexico who brings both legal expertise and diplomatic experience. His appointment as Deputy Secretary of State is seen as more traditional and competent than some Trump picks. He is viewed as capable and experienced, though his willingness to serve under Trump's unconventional foreign policy approach is noted.",Republican,66.0%,35,Ambassador to Mexico 2019-2021,JD,Harvard Law School,3,"Latin America relations, legal diplomacy",Baby Boomer,Male,Maryland,No
[[Christopher Landau]],[[Latin American relations]],Foreign Affairs,"Christopher Landau is viewed as a respected attorney and former ambassador to Mexico who brings both legal expertise and diplomatic experience. His appointment as Deputy Secretary of State is seen as more traditional and competent than some Trump picks. He is viewed as capable and experienced, though his willingness to serve under Trump's unconventional foreign policy approach is noted.",Republican,66.0%,35,Ambassador to Mexico 2019-2021,JD,Harvard Law School,3,"Latin America relations, legal diplomacy",Baby Boomer,Male,Maryland,No
[[Christopher Landau]],[[international law]],Foreign Affairs,"Christopher Landau is viewed as a respected attorney and former ambassador to Mexico who brings both legal expertise and diplomatic experience. His appointment as Deputy Secretary of State is seen as more traditional and competent than some Trump picks. He is viewed as capable and experienced, though his willingness to serve under Trump's unconventional foreign policy approach is noted.",Republican,66.0%,35,Ambassador to Mexico 2019-2021,JD,Harvard Law School,3,"Latin America relations, legal diplomacy",Baby Boomer,Male,Maryland,No
[[Stephen Feinberg]],[[Private equity]],Defense & Security,"Stephen Feinberg is viewed as a billionaire private equity executive whose firm owns defense contractors, raising significant conflict of interest concerns. Critics see his appointment as Deputy Defense Secretary as potentially corrupting, while supporters argue his business acumen will improve Pentagon efficiency. His financial industry background is unusual for this role and controversial.",Republican,59.6%,35,None,BA,Princeton University,4,"Pentagon efficiency, defense contracting",Baby Boomer,Male,New York,No
[[Stephen Feinberg]],[[defense contracting]],Defense & Security,"Stephen Feinberg is viewed as a billionaire private equity executive whose firm owns defense contractors, raising significant conflict of interest concerns. Critics see his appointment as Deputy Defense Secretary as potentially corrupting, while supporters argue his business acumen will improve Pentagon efficiency. His financial industry background is unusual for this role and controversial.",Republican,59.6%,35,None,BA,Princeton University,4,"Pentagon efficiency, defense contracting",Baby Boomer,Male,New York,No
[[Stephen Feinberg]],[[business management]],Defense & Security,"Stephen Feinberg is viewed as a billionaire private equity executive whose firm owns defense contractors, raising significant conflict of interest concerns. Critics see his appointment as Deputy Defense Secretary as potentially corrupting, while supporters argue his business acumen will improve Pentagon efficiency. His financial industry background is unusual for this role and controversial.",Republican,59.6%,35,None,BA,Princeton University,4,"Pentagon efficiency, defense contracting",Baby Boomer,Male,New York,No
[[Stephen Feinberg]],[[strategic planning]],Defense & Security,"Stephen Feinberg is viewed as a billionaire private equity executive whose firm owns defense contractors, raising significant conflict of interest concerns. Critics see his appointment as Deputy Defense Secretary as potentially corrupting, while supporters argue his business acumen will improve Pentagon efficiency. His financial industry background is unusual for this role and controversial.",Republican,59.6%,35,None,BA,Princeton University,4,"Pentagon efficiency, defense contracting",Baby Boomer,Male,New York,No
[[Stephen Feinberg]],[[financial analysis]],Defense & Security,"Stephen Feinberg is viewed as a billionaire private equity executive whose firm owns defense contractors, raising significant conflict of interest concerns. Critics see his appointment as Deputy Defense Secretary as potentially corrupting, while supporters argue his business acumen will improve Pentagon efficiency. His financial industry background is unusual for this role and controversial.",Republican,59.6%,35,None,BA,Princeton University,4,"Pentagon efficiency, defense contracting",Baby Boomer,Male,New York,No
[[Jim O'Neill]],[[Venture capital]],Health & Human Services,"Jim O'Neill is viewed as a libertarian who has controversially argued that FDA drug approval should not require proof of efficacy, only safety. His appointment as Deputy HHS Secretary alongside RFK Jr. signals a radical approach to health regulation. Critics see this as dangerous deregulation that could harm patients, while supporters view it as necessary innovation in healthcare policy.",Republican,54.2%,30,None,BA,UC Berkeley,4,"FDA deregulation, drug approval reform",Gen X,Male,California,No
[[Jim O'Neill]],[[healthcare investment]],Health & Human Services,"Jim O'Neill is viewed as a libertarian who has controversially argued that FDA drug approval should not require proof of efficacy, only safety. His appointment as Deputy HHS Secretary alongside RFK Jr. signals a radical approach to health regulation. Critics see this as dangerous deregulation that could harm patients, while supporters view it as necessary innovation in healthcare policy.",Republican,54.2%,30,None,BA,UC Berkeley,4,"FDA deregulation, drug approval reform",Gen X,Male,California,No
[[Jim O'Neill]],[[libertarian policy advocacy]],Health & Human Services,"Jim O'Neill is viewed as a libertarian who has controversially argued that FDA drug approval should not require proof of efficacy, only safety. His appointment as Deputy HHS Secretary alongside RFK Jr. signals a radical approach to health regulation. Critics see this as dangerous deregulation that could harm patients, while supporters view it as necessary innovation in healthcare policy.",Republican,54.2%,30,None,BA,UC Berkeley,4,"FDA deregulation, drug approval reform",Gen X,Male,California,No
[[Jim O'Neill]],[[pharmaceutical industry knowledge]],Health & Human Services,"Jim O'Neill is viewed as a libertarian who has controversially argued that FDA drug approval should not require proof of efficacy, only safety. His appointment as Deputy HHS Secretary alongside RFK Jr. signals a radical approach to health regulation. Critics see this as dangerous deregulation that could harm patients, while supporters view it as necessary innovation in healthcare policy.",Republican,54.2%,30,None,BA,UC Berkeley,4,"FDA deregulation, drug approval reform",Gen X,Male,California,No
[[Keith Sonderling]],[[Labor law]],Labor & Employment,"Keith Sonderling is viewed as a former EEOC commissioner with expertise in employment law and emerging workplace issues like AI. He is seen as more moderate and technocratic than some appointees, focused on practical implementation of labor policy. His appointment as Deputy Labor Secretary is viewed as bringing needed expertise to complement Secretary Chavez-DeRemer's political skills.",Republican,53.5%,20,EEOC Commissioner 2020-2025,JD,University of Miami,3,"AI workplace regulation, employment law",Millennial,Male,Florida,No
[[Keith Sonderling]],[[employment regulation]],Labor & Employment,"Keith Sonderling is viewed as a former EEOC commissioner with expertise in employment law and emerging workplace issues like AI. He is seen as more moderate and technocratic than some appointees, focused on practical implementation of labor policy. His appointment as Deputy Labor Secretary is viewed as bringing needed expertise to complement Secretary Chavez-DeRemer's political skills.",Republican,53.5%,20,EEOC Commissioner 2020-2025,JD,University of Miami,3,"AI workplace regulation, employment law",Millennial,Male,Florida,No
[[Keith Sonderling]],[[legal practice]],Labor & Employment,"Keith Sonderling is viewed as a former EEOC commissioner with expertise in employment law and emerging workplace issues like AI. He is seen as more moderate and technocratic than some appointees, focused on practical implementation of labor policy. His appointment as Deputy Labor Secretary is viewed as bringing needed expertise to complement Secretary Chavez-DeRemer's political skills.",Republican,53.5%,20,EEOC Commissioner 2020-2025,JD,University of Miami,3,"AI workplace regulation, employment law",Millennial,Male,Florida,No
[[Keith Sonderling]],[[workplace policy]],Labor & Employment,"Keith Sonderling is viewed as a former EEOC commissioner with expertise in employment law and emerging workplace issues like AI. He is seen as more moderate and technocratic than some appointees, focused on practical implementation of labor policy. His appointment as Deputy Labor Secretary is viewed as bringing needed expertise to complement Secretary Chavez-DeRemer's political skills.",Republican,53.5%,20,EEOC Commissioner 2020-2025,JD,University of Miami,3,"AI workplace regulation, employment law",Millennial,Male,Florida,No
[[Keith Sonderling]],[[regulatory affairs]],Labor & Employment,"Keith Sonderling is viewed as a former EEOC commissioner with expertise in employment law and emerging workplace issues like AI. He is seen as more moderate and technocratic than some appointees, focused on practical implementation of labor policy. His appointment as Deputy Labor Secretary is viewed as bringing needed expertise to complement Secretary Chavez-DeRemer's political skills.",Republican,53.5%,20,EEOC Commissioner 2020-2025,JD,University of Miami,3,"AI workplace regulation, employment law",Millennial,Male,Florida,No
